"","libid","batch","phylum","countgroup","taxon","taxid","read_length","reads_max","Reads median seq:","Reads min seq:","Reads N 50:","total_reads","total_bases","n_contigs","largest_contig","assembly_length","GC","N50","N75","L50","L75","bag","human_reads","busco_lineage","Busco_C","Busco_S","Busco_D","Busco_F","Busco_M","Busco_set_size","countgroup_2"
"1","P3_81","b1","Arthropoda","Collembola","Folsomia candida",158441,126.97,150,150,50,150,6765181,858944454,94184,20479,80799012,38.87,861,653,31598,58704,"bag2",0.290000000000006,"arthropoda_odb10",4.7,4.7,0,12.2,83.1,1013,"Collembola"
"2","P2_82","b1","Arthropoda","Collembola","Folsomia candida",158441,117.77,150,137,50,150,56453,6648219,19,1332,14782,48.08,797,582,7,13,"bag2",1.15000000000001,NA,NA,NA,NA,NA,NA,NA,"Collembola"
"3","P4_88","b1","Nematoda","Nematoda","Oscheius dolichura",473156,129.54,150,150,50,150,9486236,1228875600,38592,23453,37833665,46.86,1028,718,11643,22715,"bag2",1.63,"nematoda_odb10",15.4,15,0.4,7.1,77.5,3131,"Nematoda"
"4","P1_89","b1","Nematoda","Nematoda","Acrobeloides nanus",290746,135.24,150,150,50,150,6638854,897856442,53498,17293,50048714,36.28,969,709,17246,32378,"bag2",0.189999999999998,"nematoda_odb10",5.5,5.4,0.1,4.5,90,3131,"Nematoda"
"5","P3_95","b1","Arthropoda","Acari","Acrotritia duplicata",1979925,127.56,150,150,50,150,5332269,680197127,16975,26630,15261976,35.05,879,634,4950,10138,"bag2",1.73,"arachnida_odb10",3,2.9,0.1,2.7,94.3,2934,"Oribatida"
"6","P1_98","b1","Nematoda","Nematoda","Panagrolaimus detritophagus",310956,135.4,150,150,50,150,14276,1933002,1,550,550,27.09,550,550,1,1,"bag2",3.16,"nematoda_odb10",0,0,0,0,100,3131,"Nematoda"
"7","P4_99","b1","Arthropoda","Acari","Zygoribatula exilis",1251916,125.77,150,150,50,150,4726625,594456543,42958,19891,41401336,41.19,1011,710,13176,25490,"bag2",1.73,"arachnida_odb10",49.6,49,0.6,13.7,36.7,2934,"Oribatida"
"8","P4_106","b1","Arthropoda","Acari","Tyrophagus putrescentiae",59818,132.25,150,150,50,150,2919800,386155326,42109,14181,38371866,49.47,933,680,13476,25619,"bag2",2.04000000000001,"arachnida_odb10",38.5,37.6,0.9,12.6,48.9,2934,"Acari"
"9","P3_107","b1","Annelida","Enchytraeidae","Enchytraeus albidus",6390,133.85,150,150,50,150,7303,977501,4,890,2738,42.33,767,563,2,3,"bag2",5.18000000000001,NA,NA,NA,NA,NA,NA,NA,"Enchytraeidae"
"10","P4_109","b1","Annelida","Enchytraeidae","Enchytraeus bigeminus",2717144,134.99,150,150,50,150,12413453,1675669164,65850,12072,50938313,36.39,748,601,23409,42504,"bag2",1.51000000000001,"metazoa_odb10",0.9,0.9,0,4.9,94.2,954,"Enchytraeidae"
"11","P4_112","b1","Arthropoda","Acari","Oppiella nova",334625,132.82,150,150,50,150,583564,77510847,1392,11107,946433,40.49,629,546,534,939,"bag2",5.87,"arachnida_odb10",0.7,0.7,0,0.9,98.4,2934,"Oribatida"
"12","P4_119","b1","Arthropoda","Acari","Oppiella nova",334625,125.15,150,150,50,150,988434,123703802,4305,4352,2853350,45.08,631,553,1734,2945,"bag2",6.01000000000001,"arachnida_odb10",5.7,5.6,0.1,6.3,88,2934,"Oribatida"
"13","P1_130","b1","Annelida","Enchytraeidae","Enchytraeus crypticus",913645,131.48,150,150,50,150,6970138,916431639,49342,16785,34690130,36.52,674,569,18958,33030,"bag2",2.04000000000001,"metazoa_odb10",0.4,0.4,0,1.6,98,954,"Enchytraeidae"
"14","P2_132","b1","Arthropoda","Collembola","Folsomia candida",158441,129.42,150,150,50,150,5534794,716293964,76319,24052,63001481,39.57,816,630,26042,48150,"bag2",0.469999999999999,"arthropoda_odb10",3.4,3.4,0,15.6,81,1013,"Collembola"
"15","P3_135","b1","Annelida","Enchytraeidae","Enchytraeus crypticus",913645,125.56,150,149,50,150,6477304,813286482,27989,15234,18680809,37.46,628,550,11082,19061,"bag2",2.40000000000001,"metazoa_odb10",0.2,0.2,0,0.7,99.1,954,"Enchytraeidae"
"16","P3_136","b1","Annelida","Enchytraeidae","Enchytraeus bigeminus",2717144,126.53,150,150,50,150,6752415,854380537,15947,15298,12113188,36.13,686,568,5345,10234,"bag2",1.67,"metazoa_odb10",0.1,0.1,0,0.1,99.8,954,"Enchytraeidae"
"17","P1_138","b1","Annelida","Enchytraeidae","Enchytraeus crypticus",913645,138.63,150,150,50,150,6668403,924427426,68343,15236,49348697,36.04,700,582,25958,45383,"bag2",1.84,"metazoa_odb10",0.2,0.2,0,1.7,98.1,954,"Enchytraeidae"
"18","P3_141","b1","Arthropoda","Acari","Tyrophagus putrescentiae",59818,126.89,150,150,50,150,6435716,816658371,41125,25890,76381167,46.3,2502,1401,8955,19177,"bag2",0.939999999999998,"arachnida_odb10",77.7,76.3,1.4,6.7,15.6,2934,"Acari"
"19","P3_143","b1","Arthropoda","Acari","Hypoaspis aculeifer",704012,125.27,150,142,50,150,6623920,829756486,16009,22421,12007367,48.45,647,552,5203,10273,"bag2",0.400000000000006,"arachnida_odb10",1.1,1.1,0,1,97.9,2934,"Acari"
"20","P1_144","b1","Arthropoda","Acari","Zygoribatula exilis",1251916,134.84,150,150,50,150,8483066,1143814626,39498,29350,87516486,37.31,3200,1706,7935,17326,"bag2",1.09,"arachnida_odb10",86.8,85.4,1.4,4.3,8.9,2934,"Oribatida"
"21","P3_146","b1","Arthropoda","Acari","Tyrophagus putrescentiae",59818,129.08,150,150,50,150,10061158,1298675759,18376,100676,82696430,45.8,8884,3979,2441,5943,"bag2",0.790000000000006,"arachnida_odb10",91.3,88.9,2.4,2,6.7,2934,"Acari"
"22","P1_147","b1","Annelida","Enchytraeidae","Enchytraeus crypticus",913645,134.76,150,150,50,150,18485,2491051,16,1343,10311,39.19,594,528,7,12,"bag2",2.23999999999999,NA,NA,NA,NA,NA,NA,NA,"Enchytraeidae"
"23","P2_148","b1","Nematoda","Nematoda","Cuticularia oxycerca",55803,127.98,150,150,50,150,3881100,496718936,30672,15720,23632261,49.56,728,589,10654,19741,"bag2",0.170000000000002,"nematoda_odb10",4.5,4.5,0,3.6,91.9,3131,"Nematoda"
"24","P1_155","b1","Arthropoda","Acari","Zygoribatula exilis",1251916,122.71,150,135,50,150,3525730,432649770,36428,11401,27844578,40.03,750,603,13278,23690,"bag2",0.75,"arachnida_odb10",26.5,26.1,0.4,14.5,59,2934,"Oribatida"
"25","P3_156","b1","Arthropoda","Acari","Hypochthonius rufulus",66581,113.83,150,119,50,140,3418408,389125177,17824,10600,13049722,32.45,694,575,6521,11715,"bag2",1.08,"arachnida_odb10",8.1,7.9,0.2,7.4,84.5,2934,"Oribatida"
"26","P3_158","b1","Arthropoda","Acari","Hypoaspis aculeifer",704012,104.82,150,102,50,121,3402689,356679283,2248,5166,1929245,49.35,832,611,680,1367,"bag2",0.549999999999997,"arachnida_odb10",0.1,0.1,0,0,99.9,2934,"Acari"
"27","P1_166","b1","Nematoda","Nematoda","Acrobeloides nanus",290746,136.12,150,150,50,150,6976829,949688460,54140,16934,50895244,36.2,978,714,17468,32720,"bag2",0.170000000000002,"nematoda_odb10",5.6,5.4,0.2,4.3,90.1,3131,"Nematoda"
"28","P3_173","b1","Annelida","Enchytraeidae","Enchytraeus albidus",6390,135.08,150,150,50,150,52433,7082641,45,1593,30666,41.57,673,561,19,31,"bag2",49.83,NA,NA,NA,NA,NA,NA,NA,"Enchytraeidae"
"29","P1_174","b1","Arthropoda","Acari","Hypoaspis aculeifer",704012,116.11,150,122,50,139,4224473,490494709,4319,13547,3640939,48.52,785,574,1210,2609,"bag2",0.959999999999994,"arachnida_odb10",0.1,0.1,0,0.1,99.8,2934,"Acari"
"30","P3_178","b1","Arthropoda","Acari","Hypoaspis aculeifer",704012,99.23,150,93,50,112,4878020,484045653,2677,6329,2315468,49.21,852,610,801,1616,"bag2",0.409999999999997,"arachnida_odb10",0.1,0.1,0,0,99.9,2934,"Acari"
"31","P1_181","b1","Annelida","Enchytraeidae","Enchytraeus crypticus",913645,133.64,150,150,50,150,5470647,731094012,32469,16147,22370628,36.44,652,561,12590,21876,"bag2",2.15000000000001,"metazoa_odb10",0.2,0.2,0,1.4,98.4,954,"Enchytraeidae"
"32","P1_184","b1","Nematoda","Nematoda","Oscheius dolichura",473156,135.33,150,150,50,150,5243885,709676625,25885,21681,20195828,46.63,763,609,9256,16704,"bag2",0.239999999999995,"nematoda_odb10",5.5,5.5,0,3.7,90.8,3131,"Nematoda"
"33","P3_185","b1","Annelida","Enchytraeidae","Enchytraeus albidus",6390,127.36,150,150,50,150,91735,11683274,43,2319,32246,41.51,675,579,16,29,"bag2",52.58,NA,NA,NA,NA,NA,NA,NA,"Enchytraeidae"
"34","P2_191","b1","Arthropoda","Acari","Acrotritia duplicata",1979925,126.83,150,150,50,150,1807809,229288350,4347,19984,4208522,36.84,954,656,1138,2486,"bag2",1.34,"arachnida_odb10",0,0,0,0.1,99.9,2934,"Oribatida"
"35","P2_192","b1","Annelida","Lumbricina","Aporrectodea caliginosa",302032,136.18,150,150,50,150,76508,10418933,127,6878,102405,40.34,787,604,42,80,"bag2",7.31999999999999,"metazoa_odb10",0,0,0,0,100,954,"Lumbricina"
"36","P2_194","b1","Arthropoda","Acari","Zygoribatula exilis",1251916,124.74,150,149,50,150,1856915,231628469,14371,16137,10238510,41.29,677,571,5431,9566,"bag2",0.549999999999997,"arachnida_odb10",7.9,7.8,0.1,7.3,84.8,2934,"Oribatida"
"37","P3_195","b1","Annelida","Lumbricina","Aporrectodea caliginosa",302032,137.05,150,150,50,150,56564,7752330,62,3571,44701,39.5,646,573,23,42,"bag2",32.35,NA,NA,NA,NA,NA,NA,NA,"Lumbricina"
"38","P2_199","b1","Annelida","Lumbricina","Aporrectodea caliginosa",302032,141.41,150,150,50,150,262934,37182770,640,7685,574142,41.11,871,631,186,383,"bag2",17.17,"metazoa_odb10",0,0,0,0.1,99.9,954,"Lumbricina"
"39","P2_203","b1","Annelida","Lumbricina","Aporrectodea caliginosa",302032,141.57,150,150,50,150,8933,1264614,6,1266,4155,38.17,557,541,3,4,"bag2",6.62,NA,NA,NA,NA,NA,NA,NA,"Lumbricina"
"40","P2_208","b1","Annelida","Lumbricina","Aporrectodea caliginosa",302032,140.89,150,150,50,150,36985,5210990,71,4308,52778,40.66,690,571,25,47,"bag2",4.61,NA,NA,NA,NA,NA,NA,NA,"Lumbricina"
"41","P2_209","b1","Annelida","Lumbricina","Aporrectodea caliginosa",302032,141.67,150,150,50,150,6226,882008,3,686,1820,38.74,581,553,2,3,"bag2",16.87,NA,NA,NA,NA,NA,NA,NA,"Lumbricina"
"42","P3_210","b1","Nematoda","Nematoda","Cuticularia oxycerca",NA,142.45,150,150,50,150,2386192,339906071,77,2613,51727,45.9,642,544,30,53,"bag2",89.07,"nematoda_odb10",0,0,0,0,100,3131,"Nematoda"
"43","P2_211","b1","Annelida","Lumbricina","Aporrectodea caliginosa",302032,140.88,150,150,50,150,9987,1407011,7,1990,5352,39.52,591,539,3,5,"bag2",5.88,NA,NA,NA,NA,NA,NA,NA,"Lumbricina"
"44","P2_213","b1","Annelida","Lumbricina","Aporrectodea caliginosa",302032,134.27,150,150,50,150,13501262,1812765109,65827,15120,50710617,40.1,727,587,22785,42317,"bag2",7.01000000000001,"metazoa_odb10",0.2,0.2,0,1.2,98.6,954,"Lumbricina"
"45","P2_214","b1","Annelida","Lumbricina","Aporrectodea caliginosa",302032,139.33,150,150,50,150,9621012,1340475632,50855,15179,39165629,40.43,719,581,17304,32590,"bag2",4.75,"metazoa_odb10",0.3,0.3,0,0.5,99.2,954,"Lumbricina"
"46","P2_215","b1","Annelida","Lumbricina","Aporrectodea caliginosa",302032,137.12,150,150,50,150,9754881,1337574519,44560,15741,34254144,40.39,714,580,15156,28574,"bag2",7.16,"metazoa_odb10",0.1,0.1,0,1.3,98.6,954,"Lumbricina"
"47","P2_217","b1","Nematoda","Nematoda","Cuticularia oxycerca",55803,141.01,150,150,50,150,4947441,697617662,16671,21669,12527305,48.7,696,573,5797,10800,"bag2",0.879999999999995,"nematoda_odb10",1,1,0,1.2,97.8,3131,"Nematoda"
"48","P2_219","b1","Nematoda","Nematoda","Oscheius dolichura",473156,125.78,150,149,50,150,3008459,378400761,36680,10953,32995671,46.52,922,678,11968,22470,"bag2",0.209999999999994,"nematoda_odb10",11.1,10.7,0.4,6.2,82.7,3131,"Nematoda"
"49","MI_395","b4","Nematoda","Nematoda","Panagrellus silusioides",6232,146.61,150,150,50,150,102870339,15081603038,28463,172374,67884566,44.92,4881,1706,2736,8758,"bag2",0.430000000000007,"nematoda_odb10",60.5,57.6,2.9,4,35.5,3131,"Nematoda"
"50","MI_396","b4","Nematoda","Nematoda","Discolaimus",211252,147.9,150,150,50,150,88965886,13158134238,16834,79798,79174255,42.17,10631,4722,2019,4818,"bag2",56.33,NA,NA,NA,NA,NA,NA,NA,"Nematoda"
"51","MI_397","b4","Arthropoda","Acari","Achipteria coleoptrata",229769,147.28,150,150,50,150,81526797,12007229967,64935,84892,129762499,29.56,3107,1414,10050,25792,"bag2",45.41,"arachnida_odb10",89.4,88,1.4,3.1,7.5,2934,"Oribatida"
"52","MI_402","b4","Arthropoda","Acari","Heminothrus tragionii",2664691,148.08,150,150,50,150,62884194,9311843967,62807,112553,176593156,29.56,5903,2357,7193,19115,"bag2",10.95,"arachnida_odb10",89,87.7,1.3,3.3,7.7,2934,"Oribatida"
"53","MI_408","b4","Arthropoda","Acari","Nanhermannia nana",198291,148.23,150,150,50,150,78027043,11565740530,94955,88270,175696920,32.8,3205,1264,12496,34628,"bag2",6.34,NA,NA,NA,NA,NA,NA,NA,"Oribatida"
"54","MI_412","b4","Arthropoda","Acari","Pergalumna nervosa",708370,146.97,150,150,50,150,59005376,8672095966,72659,105167,186280929,27.99,4429,1952,9859,25959,"bag2",1.53,NA,NA,NA,NA,NA,NA,NA,"Oribatida"
"55","MI_420","b4","Arthropoda","Acari","Tectocepheus minor",198302,148.03,150,150,50,150,85588876,12669699198,11537,15362,8162874,38.54,659,561,4291,7669,"bag2",56.95,"arachnida_odb10",0.9,0.9,0,1,98.1,2934,"Oribatida"
"56","MI_424","b4","Arthropoda","Collembola","Desoria trispinata",1184801,147.45,150,150,50,150,79994245,11795030774,84952,224064,138956929,33.44,2275,1088,13575,36196,"bag2",15.41,"arthropoda_odb10",68.7,67.7,1,17.2,14.1,1013,"Collembola"
"57","MI_426","b4","Arthropoda","Collembola","Lepidocyrtus lignorum",707889,147.87,150,150,50,150,64382741,9520287850,167742,88764,264115406,37.08,2061,1081,31772,76626,"bag2",1.64,NA,NA,NA,NA,NA,NA,NA,"Collembola"
"58","a10","b10","Arthropoda","Oribatida","Edwardzetes edwardsi",2202872,147.47,150,150,50,150,83751447,12350736814,39887,95279,103529549,34.29,6000,2139,4074,11374,"bag2",NA,"arthropoda_odb10",87.4,86.6,0.8,3.6,9,1013,"Oribatida"
"59","a11","b10","Arthropoda","Oribatida","Eueremaeus cf. valkanovi",1401269,146.92,150,150,50,150,67216955,9875846294,32874,126737,154256886,32.5,10257,3928,3717,9894,"bag2",NA,"arthropoda_odb10",88,87.2,0.8,3.4,8.6,1013,"Oribatida"
"60","a13","b10","Arthropoda","Oribatida","Eupelops torulosus",198282,147.38,150,150,50,150,72044770,10617803588,63164,40373,116779259,31.17,2906,1298,10061,25311,"bag2",NA,NA,NA,NA,NA,NA,NA,NA,"Oribatida"
"61","a15","b10","Arthropoda","Oribatida","Hermanniella punctulata var. septentrionalis",885393,147.19,150,150,50,150,72668143,10696188871,178507,28380,258339288,27.81,1844,998,37712,85982,"bag2",NA,"arthropoda_odb10",84.8,83.8,1,5.4,9.8,1013,"Oribatida"
"62","a16","b10","Arthropoda","Oribatida","Liacarus coracinus",198285,146.59,150,150,50,150,64329083,9429916592,146466,24037,205990164,27.63,1765,995,33590,72813,"bag2",NA,"arthropoda_odb10",75.1,74.5,0.6,11.1,13.8,1013,"Oribatida"
"63","a17","b10","Arthropoda","Oribatida","Liacarus xylariae",198284,145.95,150,150,50,150,68468420,9992889154,56773,60111,218893360,29.53,6273,3145,9806,22075,"bag2",NA,"arthropoda_odb10",84.7,83.9,0.8,4.2,11.1,1013,"Oribatida"
"64","a18","b10","Arthropoda","Oribatida","Microtritia minima",229747,147.24,150,150,50,150,70611965,10396737990,32712,97424,107053253,30.31,7150,3060,3995,9686,"bag2",NA,"arthropoda_odb10",80.3,79.5,0.8,6.9,12.8,1013,"Oribatida"
"65","a19","b10","Arthropoda","Oribatida","Microzetes septentrionalis",NA,147.76,150,150,50,150,66775609,9866497869,30385,32653,75602633,33.86,3998,2027,5425,12064,"bag2",NA,"arthropoda_odb10",80.3,79.8,0.5,7.7,12,1013,"Oribatida"
"66","a20","b10","Arthropoda","Oribatida","Nanhermannia elegantula",66595,147.82,150,150,50,150,68237931,10086856691,56917,113456,183227768,29.68,6622,2913,7403,17777,"bag2",NA,"arthropoda_odb10",88.8,87.9,0.9,3.7,7.5,1013,"Oribatida"
"67","a22","b10","Arthropoda","Oribatida","Porobelba spinosa",NA,146.2,150,150,50,150,65162509,9526826816,72063,61279,147378629,29.46,3043,1493,12341,29835,"bag2",NA,"arthropoda_odb10",87.8,87.2,0.6,3.5,8.7,1013,"Oribatida"
"68","a23","b10","Arthropoda","Oribatida","Punctoribates punctum",1720615,147.4,150,150,50,150,82097197,12101164649,63985,31307,91130751,35.07,1797,1027,15078,31898,"bag2",NA,"arthropoda_odb10",63,62.4,0.6,17.6,19.4,1013,"Oribatida"
"69","a24","b10","Arthropoda","Oribatida","Scheloribates initialis",1979935,147.51,150,150,50,150,69448093,10244379420,67819,22509,103010667,37.98,2043,1058,13838,31499,"bag2",NA,"arthropoda_odb10",78.8,78,0.8,9.2,12,1013,"Oribatida"
"70","a25","b10","Arthropoda","Gamasina","Veigaia sp. 1",99236,143.82,150,150,50,150,68258310,9816948592,137858,108641,112262958,45.52,777,603,44925,86399,"bag2",NA,"arthropoda_odb10",2.7,2.6,0.1,8.8,88.5,1013,"Gamasina"
"71","a26","b10","Arthropoda","Gamasina","Parasitus sp. 1",708403,142.16,150,150,50,150,64335354,9145633791,26367,19595,26288953,44.13,1020,621,5808,14397,"bag2",NA,"arthropoda_odb10",0.6,0.5,0.1,4.8,94.6,1013,"Gamasina"
"72","a27","b10","Arthropoda","Gamasina","Parasitus crassipes (sp. 2)",708403,139.88,150,150,50,150,73166689,10234506596,176005,20026,181298462,42.4,1096,736,49668,100104,"bag2",NA,"arthropoda_odb10",23,22.7,0.3,33.7,43.3,1013,"Gamasina"
"73","a28","b10","Arthropoda","Gamasina","Epicriopsis sp. 3",NA,148.08,150,150,50,150,73931351,10948056706,9515,15201,6672654,50.19,654,556,3556,6341,"bag2",NA,"arthropoda_odb10",0.1,0.1,0,0.6,99.3,1013,"Gamasina"
"74","a29","b10","Arthropoda","Gamasina","Pergamasus sp. 4",99228,144.65,150,150,50,150,71838134,10391618631,297942,25946,342693236,41.53,1290,828,79175,162666,"bag2",NA,"arthropoda_odb10",28.8,28.4,0.4,28.8,42.4,1013,"Gamasina"
"75","a30","b10","Arthropoda","Gamasina","Pergamasus sp. 5",99228,143.59,150,150,50,150,66323650,9523553926,296416,32602,415256080,41.5,1690,1024,72350,151889,"bag2",NA,"arthropoda_odb10",41.2,40.6,0.6,27.4,31.4,1013,"Gamasina"
"76","a31","b10","Arthropoda","Gamasina","Geholaspis longispinosus (sp. 6 Gaeolaelaps)",NA,146.14,150,150,50,150,89436527,13070340411,18169,33409,13600038,44.38,701,567,6288,11747,"bag2",NA,"arthropoda_odb10",0,0,0,0.7,99.3,1013,"Gamasina"
"77","a32","b10","Arthropoda","Gamasina","Epicrius sp. 1",296810,145.66,150,150,50,150,91203099,13284205652,134700,22815,136896357,37.59,1061,709,36796,76415,"bag2",NA,NA,NA,NA,NA,NA,NA,NA,"Gamasina"
"78","a34","b10","Arthropoda","Gamasina","Rhodacarus sp.",704088,148.3,150,150,50,150,72434891,10741819607,1463,4321,1089134,54.12,703,564,508,947,"bag2",NA,"arthropoda_odb10",0,0,0,0,100,1013,"Gamasina"
"79","a35","b10","Arthropoda","Gamasina","Phyotseiulus persimilis",44414,146.84,150,150,50,150,76305828,11204806004,43147,51948,168077062,51.72,6675,3585,7615,16181,"bag2",NA,"arthropoda_odb10",78.1,77,1.1,10.2,11.7,1013,"Gamasina"
"80","a36","b10","Arthropoda","Gamasina","Hypoaspis",99220,147.5,150,150,50,150,67155728,9905218540,56017,125886,408644983,45.9,13560,6756,8211,18904,"bag2",NA,"arthropoda_odb10",82.8,81.9,0.9,5.7,11.5,1013,"Gamasina"
"81","a37","b10","Arthropoda","Gamasina","Macrocheles robustulus",406085,146.65,150,150,50,150,98337822,14420949641,41174,298060,385494034,40.87,20160,9476,5117,12071,"bag2",NA,"arthropoda_odb10",85.9,85.1,0.8,4.3,9.8,1013,"Gamasina"
"82","a38","b10","Arthropoda","Gamasina","Zercon sp. 1",118551,146.94,150,150,50,150,74369553,10927528660,324438,28592,407094028,38.49,1435,933,88072,176556,"bag2",NA,NA,NA,NA,NA,NA,NA,NA,"Gamasina"
"83","a39","b10","Arthropoda","Chilopoda","Strigamia crassipes",1428135,143.26,150,150,50,150,74741731,10707310849,25216,372919,146550795,36.5,13894,5613,2252,6479,"bag2",NA,"arthropoda_odb10",86.5,84.8,1.7,6.5,7,1013,"Chilopoda"
"84","a40","b10","Arthropoda","Chilopoda","Strigamia crassipes",1428135,143.92,150,150,50,150,70340720,10123590284,49858,263852,160339314,36.36,6301,2633,5588,15547,"bag2",NA,"arthropoda_odb10",80.7,79.2,1.5,10,9.3,1013,"Chilopoda"
"85","a41","b10","Arthropoda","Chilopoda","Strigamia crassipes",1428135,145.85,150,150,50,150,68451122,9983834460,42448,313983,158517403,37.11,7438,3123,4339,12682,"bag2",NA,"arthropoda_odb10",80.2,78.7,1.5,10.1,9.7,1013,"Chilopoda"
"86","a42","b10","Arthropoda","Chilopoda","Strigamia acuminata",1255758,145.05,150,150,50,150,67098073,9732241264,29090,222092,144361465,36.91,11682,4791,2899,7767,"bag2",NA,"arthropoda_odb10",86.1,84.4,1.7,4.7,9.2,1013,"Chilopoda"
"87","a43","b10","Arthropoda","Chilopoda","Strigamia acuminata",1255758,146.23,150,150,50,150,79743592,11661058443,74742,84966,154459841,36.71,3303,1504,11418,28914,"bag2",NA,"arthropoda_odb10",72.6,71.6,1,17.5,9.9,1013,"Chilopoda"
"88","a44","b10","Arthropoda","Chilopoda","Strigamia transsilvanica",1579475,145.28,150,150,50,150,69068725,10034608893,95808,87502,179742881,37.71,2848,1319,15407,38839,"bag2",NA,"arthropoda_odb10",60,58.6,1.4,24.6,15.4,1013,"Chilopoda"
"89","a45","b10","Arthropoda","Chilopoda","Strigamia transsilvanica",1579475,145.79,150,150,50,150,69678444,10158681510,50632,98804,131341085,37.12,4711,2045,6808,17405,"bag2",NA,NA,NA,NA,NA,NA,NA,NA,"Chilopoda"
"90","a46","b10","Annelida","Lumbricidae","Dendrobaena attemsi",565147,147.45,150,150,50,150,71892068,10600603809,229462,43798,618893238,40.18,4074,2084,43189,96456,"bag2",NA,"metazoa_odb10",32.3,32,0.3,37.6,30.1,954,"Lumbricidae"
"91","a47","b10","Arthropoda","Isopoda","Ligidium hypnorum",96858,145.9,150,150,50,150,76586464,11173728588,399279,25149,385942932,36.71,1015,713,122495,236186,"bag2",NA,"arthropoda_odb10",0.9,0.8,0.1,2.2,96.9,1013,"Isopoda"
"92","a48","b10","Arthropoda","Diplopoda","Nemasoma varicorne",118473,144.15,150,150,50,150,68670976,9898743596,295252,25089,441684841,35.85,1880,1099,70848,148062,"bag2",NA,"arthropoda_odb10",37.2,34.6,2.6,35.1,27.7,1013,"Diplopoda"
"93","a49","b10","Arthropoda","Collembola","Ceratophysella sigillata",1218965,146.43,150,150,50,150,66840241,9787542222,121386,200883,207008106,38.49,2325,1103,17316,50467,"bag2",NA,"arthropoda_odb10",69,67,2,17,14,1013,"Collembola"
"94","a52","b10","Arthropoda","Collembola","Ceratophysella scotica",187617,147.2,150,150,50,150,72421176,10660205326,147110,132607,271479524,38.36,2648,1286,24473,61966,"bag2",NA,"arthropoda_odb10",64.6,62.9,1.7,19.8,15.6,1013,"Collembola"
"95","a53","b10","Arthropoda","Collembola","Orchesella cincta",48709,146.28,150,150,50,150,99169309,14506928720,186268,102181,402532989,36.52,3776,1499,23125,66983,"bag2",NA,"arthropoda_odb10",53.1,30.2,22.9,27.7,19.2,1013,"Collembola"
"96","a54","b10","Arthropoda","Collembola","Pogonognathellus longicornis",707266,147.36,150,150,50,150,89586484,13201449034,59177,229075,324835233,34.16,13615,5414,5727,15282,"bag2",NA,"arthropoda_odb10",90.1,88.3,1.8,4.3,5.6,1013,"Collembola"
"97","a55","b10","Arthropoda","Collembola","Tomocerus mixtus",58788,147.8,150,150,50,150,75215381,11117178953,41872,296328,277624453,33.78,19794,8210,3769,9162,"bag2",NA,"arthropoda_odb10",90,88.4,1.6,4.8,5.2,1013,"Collembola"
"98","a56","b10","Arthropoda","Collembola","Supraphorura furcifera",2041972,146.68,150,150,50,150,76757050,11258529685,151006,21454,163887821,35.25,1194,795,43656,85914,"bag2",NA,"arthropoda_odb10",16.5,16.3,0.2,36.7,46.8,1013,"Collembola"
"99","a57","b10","Arthropoda","Collembola","Isotomiella paraminor",370031,145.54,150,150,50,150,69170920,10067234649,90461,100623,152644611,40.55,2355,1160,15710,39224,"bag2",NA,"arthropoda_odb10",57.7,52.3,5.4,25.4,16.9,1013,"Collembola"
"100","a58","b10","Arthropoda","Collembola","Hymenaphorura dentifera",NA,146.69,150,150,50,150,68877239,10103670439,69388,82478,179141586,39.15,4951,1970,8104,22730,"bag2",NA,"arthropoda_odb10",80.7,79.7,1,9,10.3,1013,"Collembola"
"101","a59","b10","Arthropoda","Collembola","Micranurida granulata",187659,143.88,150,150,50,150,75165489,10814798693,115786,31522,161897747,39.4,1761,973,25344,56475,"bag2",NA,"arthropoda_odb10",44.8,43.1,1.7,34.4,20.8,1013,"Collembola"
"102","a60","b10","Arthropoda","Collembola","Friesea truncata",187628,146.43,150,150,50,150,84218653,12332136759,44612,122928,101969318,32.15,4198,1586,4652,14972,"bag2",NA,"arthropoda_odb10",73.7,70.5,3.2,14.5,11.8,1013,"Collembola"
"103","a61","b10","Arthropoda","Collembola","Protaphorura glebata",187683,147.34,150,150,50,150,64461074,9497886532,107794,229419,356791065,37.43,6947,2796,12388,32779,"bag2",NA,"arthropoda_odb10",83.4,81.5,1.9,8.5,8.1,1013,"Collembola"
"104","a62","b10","Arthropoda","Collembola","Xenyllodes armatus",187716,147.6,150,150,50,150,84984790,12543457904,57311,42160,127484034,36.76,3519,1757,10196,22957,"bag2",NA,"arthropoda_odb10",77.4,76.5,0.9,12.8,9.8,1013,"Collembola"
"105","a63","b10","Arthropoda","Pauropoda","Allopauropus danicus",244970,146.38,150,150,50,150,81462355,11924242613,153055,19697,170244473,40.56,1229,792,41548,85064,"bag2",NA,"metazoa_odb10",38.6,38.6,0,39.5,21.9,954,"Pauropoda"
"106","a64","b10","Arthropoda","Collembola","Entomobrya corticalis",1503966,145.48,150,150,50,150,76240593,11091801071,130880,130759,345878259,33.75,5018,2085,16472,43517,"bag2",NA,NA,NA,NA,NA,NA,NA,NA,"Collembola"
"107","a65","b10","Arthropoda","Symphyla","Scolopendrellopsis subnuda",NA,145.83,150,150,50,150,101000764,14728645570,163551,50833,334373857,37.91,2727,1471,34926,76816,"bag2",NA,"metazoa_odb10",43.4,42.9,0.5,33.3,23.3,954,"Symphyla"
"108","a67","b10","Arthropoda","Collembola","Arrhopalites",187608,148.04,150,150,50,150,66485060,9842614523,224314,52339,364521251,34.81,2222,1165,45160,102115,"bag2",NA,"arthropoda_odb10",47.5,47.1,0.4,29.4,23.1,1013,"Collembola"
"109","a68","b10","Arthropoda","Collembola","Mesaphorura macrochaeta",2651973,147.71,150,150,50,150,76628051,11318521807,96872,36617,180273372,43.98,2699,1415,19576,42629,"bag2",NA,"arthropoda_odb10",73.9,71.5,2.4,14.1,12,1013,"Collembola"
"110","a69","b10","Arthropoda","Symphyla","Symphylella vulgaris",1288507,146.26,150,150,50,150,65710609,9610772357,230343,35382,491939805,34.87,2778,1512,50650,110867,"bag2",NA,"metazoa_odb10",54.6,54.2,0.4,28.2,17.2,954,"Symphyla"
"111","a70","b10","Arthropoda","Diplura","Campodea LP VI",89972,146.62,150,150,50,150,85261961,12501279979,408955,35462,787189786,33.51,2501,1452,94458,197996,"bag2",NA,"arthropoda_odb10",9,8.7,0.3,23.8,67.2,1013,"Diplura"
"112","a71","b10","Arthropoda","Collembola","Entomobrya nivalis",1387109,146.76,150,150,50,150,93146949,13669960741,121849,131270,330179780,34.37,5580,2060,13179,38175,"bag2",NA,"arthropoda_odb10",71.4,68.8,2.6,17.1,11.5,1013,"Collembola"
"113","a72","b10","Arthropoda","Collembola","Desoria olivacea",370026,146.58,150,150,50,150,66671133,9772538114,105649,314855,191534045,37.38,2584,1230,15697,43092,"bag2",NA,"arthropoda_odb10",63.8,61.6,2.2,20.9,15.3,1013,"Collembola"
"114","a73","b10","Nematoda","Nematoda","Discolaimus2",211252,147.86,150,150,50,150,147036305,21740067347,29848,42532,78431942,42.15,4391,2109,4842,11299,"bag2",NA,"nematoda_odb10",60.6,56.4,4.2,3.4,36,3131,"Nematoda"
"115","a74","b10","Nematoda","Nematoda","Hoplolaimidae",211158,145.5,150,150,50,150,71006437,10331288629,103117,13220,94028291,36.27,926,658,31338,61806,"bag2",NA,"nematoda_odb10",14.4,14.4,0,5.2,80.4,3131,"Nematoda"
"116","a75","b10","Nematoda","Nematoda","Prionchulus punctatus",293874,147.83,150,150,50,150,73304472,10836249357,22434,268651,125572634,38.96,17870,6468,1681,4643,"bag2",NA,"nematoda_odb10",63.4,58,5.4,1.7,34.9,3131,"Nematoda"
"117","a76","b10","Nematoda","Nematoda","Anatonchus tridentatus",288489,147.46,150,150,50,150,68045190,10033997403,215656,30110,276869984,34.61,1543,888,49354,109492,"bag2",NA,"nematoda_odb10",22.2,20.2,2,6.2,71.6,3131,"Nematoda"
"118","a77","b10","Nematoda","Nematoda","Aporcelaimellus obtusicaudatus",286770,147.51,150,150,50,150,91396356,13482077471,221490,17589,179790397,41.19,797,614,75131,139957,"bag2",NA,NA,NA,NA,NA,NA,NA,NA,"Nematoda"
"119","a78","b10","Nematoda","Nematoda","Rotylenchus",288490,144.74,150,150,50,150,67517376,9772736761,94694,39557,167373117,34.01,2635,1202,15411,39494,"bag2",NA,"nematoda_odb10",39.7,39.2,0.5,5.1,55.2,3131,"Nematoda"
"120","a79","b10","Nematoda","Nematoda","Mesodorylaimus",211267,147.79,150,150,50,150,75189456,11112488212,47539,19040,33723996,43.12,676,571,18044,31694,"bag2",NA,"nematoda_odb10",1.3,1.3,0,0.9,97.8,3131,"Nematoda"
"121","a81","b10","Nematoda","Nematoda","Qudsianematidae",211226,147.34,150,150,50,150,75403409,11109824722,154455,15700,125651637,41.26,801,617,52569,97618,"bag2",NA,"nematoda_odb10",10,9.4,0.6,4.5,85.5,3131,"Nematoda"
"122","a82","b10","Nematoda","Nematoda","Miconchus longicaudatus",211387,146.74,150,150,50,150,63738504,9353023000,293019,39457,450171544,33.85,1996,1087,61465,138883,"bag2",NA,"nematoda_odb10",30.9,29.1,1.8,5.2,63.9,3131,"Nematoda"
"123","a84","b10","Nematoda","Nematoda","Plectus",49353,146.96,150,150,50,150,67471773,9915941599,81834,112728,193327927,42.86,3835,1763,12723,31426,"bag2",NA,"nematoda_odb10",56,54.7,1.3,6.2,37.8,3131,"Nematoda"
"124","a85","b10","Nematoda","Nematoda","Mesodorylaimus",211267,146.84,150,150,50,150,64768096,9510420797,66105,34317,129561572,45.68,3209,1493,11153,25872,"bag2",NA,"nematoda_odb10",47.4,45.1,2.3,5.7,46.9,3131,"Nematoda"
"125","a87","b10","Nematoda","Nematoda","Anatonchus",288488,147.35,150,150,50,150,74521983,10980476709,182798,14315,159190099,35.29,881,645,58970,112246,"bag2",NA,"nematoda_odb10",8.8,8.4,0.4,3.2,88,3131,"Nematoda"
"126","a88","b10","Arthropoda","Oribatida","Phthiracarus crinitus",229740,147.65,150,150,50,150,66451404,9811679892,59784,125146,243017619,27.4,7223,3297,8604,21148,"bag2",NA,"arthropoda_odb10",87.2,86.4,0.8,3.5,9.3,1013,"Oribatida"
"127","a89","b10","Arthropoda","Oribatida","Hafenrefferia gilvipes",2547479,146.4,150,150,50,150,69857412,10227010645,68324,21937,77953954,30.63,1277,819,17692,36866,"bag2",NA,"arthropoda_odb10",40.4,40,0.4,27.1,32.5,1013,"Oribatida"
"128","a90","b10","Arthropoda","Isopoda","Haplophthalmus danicus",115156,146.96,150,150,50,150,73543099,10808233513,234552,25449,264129718,30.7,1253,806,62836,128954,"bag2",NA,"arthropoda_odb10",16.7,16.5,0.2,34.5,48.8,1013,"Isopoda"
"129","a91","b10","Arthropoda","Diplopoda","Megaphyllum sjaelandicum",52423,146.14,150,150,50,150,92983931,13588329642,72612,125190,364817766,37.06,9466,4390,10432,24533,"bag2",NA,"arthropoda_odb10",81,80.8,0.2,8.9,10.1,1013,"Diplopoda"
"130","a92","b10","Arthropoda","Diplopoda","Rossiulus vilnensis",NA,146.55,150,150,50,150,69720441,10217877538,191883,26185,281437799,36.11,1897,1048,43324,93573,"bag2",NA,"arthropoda_odb10",41.4,41.1,0.3,32.5,26.1,1013,"Diplopoda"
"131","a93","b10","Arthropoda","Diplopoda","Tachypodoiulus niger",433595,146.31,150,150,50,150,80025042,11708789790,242642,29294,347551316,36.51,1731,1063,61755,125996,"bag2",NA,NA,NA,NA,NA,NA,NA,NA,"Diplopoda"
"132","a94","b10","Arthropoda","Diplopoda","Chordeuma sylvestre",1569510,144.03,150,150,50,150,68175552,9819244142,61872,167532,347932751,40.97,13372,5704,6710,16677,"bag2",NA,"arthropoda_odb10",79.9,79.1,0.8,8.1,12,1013,"Diplopoda"
"133","a95","b10","Arthropoda","Diplopoda","Mycogona germanica",NA,143.96,150,150,50,150,75888968,10924851643,65187,132267,350109252,40.96,12721,5506,7217,17720,"bag2",NA,"arthropoda_odb10",77.9,77.2,0.7,9.2,12.9,1013,"Diplopoda"
"134","a96","b10","Arthropoda","Chilopoda","Geophilus truncorum",173284,146.81,150,150,50,150,65897647,9674222523,27882,158736,142967170,34.44,13504,5380,2683,6895,"bag2",NA,"arthropoda_odb10",92.1,90.7,1.4,4,3.9,1013,"Chilopoda"
"135","a97","b10","Arthropoda","Collembola","Isotomurus palustris",36144,147.6,150,150,50,150,69466089,10252861245,27915,375185,148934766,38.93,14673,5590,2265,6406,"bag2",NA,"arthropoda_odb10",90.2,89.5,0.7,3.1,6.7,1013,"Collembola"
"136","a98","b10","Arthropoda","Collembola","Hydroisotoma schaefferi",301519,144.66,150,150,50,150,73642038,10653038647,12452,255033,148880474,36.75,33762,16394,1254,2831,"bag2",NA,"arthropoda_odb10",92.6,92.2,0.4,2.3,5.1,1013,"Collembola"
"137","a99","b10","Arthropoda","Collembola","Xenylla mediterranea",2567731,148.08,150,150,50,150,67729444,10029249682,43449,61039,112386321,32.92,4593,2049,6108,15335,"bag2",NA,NA,NA,NA,NA,NA,NA,NA,"Collembola"
"138","a100","b10","Arthropoda","Collembola","Sminthurinus signatus",2584529,148.14,150,150,50,150,82693560,12250525956,61151,196132,305379873,33.37,14780,4678,4738,14081,"bag2",NA,NA,NA,NA,NA,NA,NA,NA,"Collembola"
"139","a101","b10","Arthropoda","Collembola","Spatulosminthurus flaviceps",NA,148.01,150,150,50,150,75173715,11126639620,81301,321936,328229926,35.93,9674,3511,7046,21472,"bag2",NA,"arthropoda_odb10",87.9,86.9,1,5.1,7,1013,"Collembola"
"140","a102","b10","Arthropoda","Collembola","Bourletiella hortensis",574228,148.22,150,150,50,150,69911841,10362496725,109182,106713,230134105,39.39,3425,1538,16672,41987,"bag2",NA,"arthropoda_odb10",81.5,79.4,2.1,8.4,10.1,1013,"Collembola"
"141","a103","b10","Arthropoda","Collembola","Folsomia candida",158441,147.67,150,150,50,150,72930301,10769511446,21196,356159,200799618,37.42,24629,10576,2044,5180,"bag2",NA,"arthropoda_odb10",94.7,93.7,1,2.4,2.9,1013,"Collembola"
"142","a104","b10","Arthropoda","Collembola","Sminthurides aquaticus",281415,147,150,150,50,150,79715446,11718190346,10738,452997,150582592,40.26,74181,30275,554,1344,"bag2",NA,"arthropoda_odb10",89.5,88.2,1.3,1.7,8.8,1013,"Collembola"
"143","a105","b10","Arthropoda","Collembola","Isotoma anglicana",247611,146.99,150,150,50,150,69330671,10190754340,144986,136347,236597628,33.17,2261,1128,26814,64308,"bag2",NA,"arthropoda_odb10",69.5,68.5,1,17.3,13.2,1013,"Collembola"
"144","a106","b10","Arthropoda","Collembola","Orthonychiurus folsomi",2581074,145.71,150,150,50,150,65157490,9493913756,47909,212635,146302907,39.37,6109,2591,5895,15149,"bag2",NA,"arthropoda_odb10",85.7,85,0.7,6.6,7.7,1013,"Collembola"
"145","a107","b10","Arthropoda","Collembola","Arrhopalites principalis (grp)",187608,145.03,150,150,50,150,66891682,9701138841,14657,310405,178163809,33.48,35380,15237,1366,3290,"bag2",NA,"arthropoda_odb10",92,90.3,1.7,2.6,5.4,1013,"Collembola"
"146","a108","b10","Arthropoda","Collembola","Entomobrya Typ multifasciata",247613,145.65,150,150,50,150,69442332,10114483953,57924,152736,331944770,34.45,13876,5783,6142,15371,"bag2",NA,"arthropoda_odb10",92.2,90.6,1.6,3.3,4.5,1013,"Collembola"
"147","D14","b8","Nematoda","Nematoda","Plectus velox",1298651,148.62,150,150,50,150,70795854,10521489601,9985,14521,7402068,47.28,711,577,3604,6522,"bag2",0.260000000000005,NA,NA,NA,NA,NA,NA,NA,"Nematoda"
"148","D15","b8","Nematoda","Nematoda","Eudorylaimus altherri",2072757,148.69,150,150,50,150,95015433,14127531912,2473,13675,2400426,37.21,1025,678,698,1424,"bag2",0.299999999999997,NA,NA,NA,NA,NA,NA,NA,"Nematoda"
"149","D16","b8","Nematoda","Nematoda","Pungentus monohystera",2072763,148.32,150,150,50,150,75204295,11154550539,18472,17004,16819918,44.04,891,633,5233,10920,"bag2",1.98,NA,NA,NA,NA,NA,NA,NA,"Nematoda"
"150","D23","b8","Nematoda","Nematoda","Prismatolaimus dolichurus",288633,147.69,150,150,50,150,86769852,12814674435,29853,49887,143829971,46.13,7894,4298,5536,11662,"bag2",0.969999999999999,NA,NA,NA,NA,NA,NA,NA,"Nematoda"
"151","P5_145","b2","Arthropoda","Acari","Hypoaspis aculeifer",704012,131.12,150,150,50,150,2349974,308134798,3363,11472,3030816,47.9,861,595,873,1961,"bag2",1.06,"arachnida_odb10",0.1,0.1,0,0.1,99.8,2934,"Acari"
"152","P5_162","b2","Annelida","Enchytraeidae","Enchytraeus albidus",6390,121.04,150,132,50,150,2542017,307678561,2108,15120,2300551,38.88,1218,718,487,1116,"bag2",4.43000000000001,"metazoa_odb10",0,0,0,0,100,954,"Enchytraeidae"
"153","P5_198","b2","Annelida","Lumbricina","Aporrectodea caliginosa",302032,136.77,150,150,50,150,2224255,304221852,4012,15028,3755454,41.42,959,619,1052,2304,"bag2",8.15000000000001,"metazoa_odb10",0,0,0,0.1,99.9,954,"Lumbricina"
"154","P5_199","b2","Annelida","Lumbricina","Aporrectodea caliginosa",302032,131.32,150,150,50,150,1897489,249187335,2892,15166,2911738,41.21,1085,662,729,1606,"bag2",8.55,"metazoa_odb10",0,0,0,0.1,99.9,954,"Lumbricina"
"155","P5_201","b2","Annelida","Lumbricina","Aporrectodea caliginosa",302032,133.21,150,150,50,150,2220889,295851414,3544,18615,3412669,41.54,998,642,921,2015,"bag2",4.53,"metazoa_odb10",0,0,0,0.2,99.8,954,"Lumbricina"
"156","P5_202","b2","Annelida","Lumbricina","Aporrectodea caliginosa",302032,135.98,150,150,50,150,2670946,363204573,5039,15091,4845016,41.16,994,634,1279,2850,"bag2",8.43000000000001,"metazoa_odb10",0.1,0.1,0,0.1,99.8,954,"Lumbricina"
"157","P5_203","b2","Annelida","Lumbricina","Aporrectodea caliginosa",302032,134.83,150,150,50,150,2570035,346514505,4012,14229,3724640,41.51,934,621,1068,2319,"bag2",10.17,"metazoa_odb10",0,0,0,0.1,99.9,954,"Lumbricina"
"158","P5_208","b2","Annelida","Lumbricina","Aporrectodea caliginosa",302032,135.08,150,150,50,150,2828422,382052520,4771,15495,4606227,41.33,997,635,1200,2698,"bag2",5.98,"metazoa_odb10",0,0,0,0.1,99.9,954,"Lumbricina"
"159","P5_209","b2","Annelida","Lumbricina","Aporrectodea caliginosa",302032,137.04,150,150,50,150,2531496,346915107,4644,15119,4259287,41.61,922,616,1246,2696,"bag2",7.59999999999999,"metazoa_odb10",0.1,0.1,0,0.1,99.8,954,"Lumbricina"
"160","P5_211","b2","Annelida","Lumbricina","Aporrectodea caliginosa",302032,134.29,150,150,50,150,2658645,357037104,4733,15095,4418210,41.2,942,623,1250,2730,"bag2",7.59999999999999,"metazoa_odb10",0,0,0,0.2,99.8,954,"Lumbricina"
"161","P5_216","b2","Annelida","Lumbricina","Aporrectodea caliginosa",302032,136.27,150,150,50,150,1704336,232243315,2801,15136,2670853,41.61,999,639,742,1599,"bag2",6.05,"metazoa_odb10",0,0,0,0.1,99.9,954,"Lumbricina"
"162","P2_222","b2","Arthropoda","Collembola","Podura aquatica",50589,107.28,150,105,50,123,4446537,477026555,18969,16118,13469780,29.33,680,572,7224,12654,"bag2",4.58,"arthropoda_odb10",0.1,0.1,0,0.1,99.8,1013,"Collembola"
"163","P1_223","b2","Arthropoda","Collembola","Podura aquatica",50589,119.61,150,128,50,148,2264220,270820547,12943,16010,9139416,28.61,674,570,4934,8644,"bag2",2.62,"arthropoda_odb10",0,0,0,0.1,99.9,1013,"Collembola"
"164","P2_227","b2","Arthropoda","Collembola","Podura aquatica",50589,109.11,150,108,50,125,4323966,471766757,20373,16119,14519906,29.33,683,573,7738,13571,"bag2",5.93000000000001,"arthropoda_odb10",0,0,0,0.3,99.7,1013,"Collembola"
"165","P1_232","b2","Arthropoda","Acari","Hypochthonius rufulus",66581,123.83,150,137,50,150,1316793,163053637,6542,6140,4812835,28.88,698,577,2383,4292,"bag2",38.98,"arachnida_odb10",0.1,0.1,0,0,99.9,2934,"Oribatida"
"166","P1_241","b2","Arthropoda","Acari","Acrotritia duplicata",1979925,125.49,150,142,50,150,2828416,354925302,9128,23857,7432018,34.45,751,588,2851,5681,"bag2",2.16,"arachnida_odb10",0.3,0.3,0,0.2,99.5,2934,"Oribatida"
"167","P1_246","b2","Arthropoda","Acari","Acrotritia duplicata",1979925,106.17,150,103,50,127,340318,36132936,339,5149,297728,36.72,886,650,109,208,"bag2",3.69,"arachnida_odb10",0,0,0,0,100,2934,"Oribatida"
"168","P2_248","b2","Arthropoda","Acari","Acrotritia duplicata",1979925,108.8,150,107,50,126,4738725,515583520,6130,13455,4859262,37.44,741,583,1994,3870,"bag2",4.94,"arachnida_odb10",0.2,0.2,0,0.3,99.5,2934,"Oribatida"
"169","P2_251","b2","Arthropoda","Collembola","Folsomia fimetaria",1387114,111.07,150,111,50,132,2164960,240469314,11933,8971,8414342,38.36,670,566,4531,7969,"bag2",0.280000000000001,"arthropoda_odb10",0.1,0.1,0,0.9,99,1013,"Collembola"
"170","P1_254","b2","Arthropoda","Collembola","Folsomia fimetaria",1387114,127.97,150,150,50,150,2118627,271115078,23527,14771,18829040,37.24,762,600,7867,14892,"bag2",0.219999999999999,"arthropoda_odb10",0.6,0.6,0,1,98.4,1013,"Collembola"
"171","P2_255","b2","Arthropoda","Collembola","Folsomia fimetaria",1387114,111.02,150,112,50,134,1130872,125550327,3449,10104,2314749,38.94,632,551,1357,2343,"bag2",4.2,"arthropoda_odb10",0,0,0,0.2,99.8,1013,"Collembola"
"172","P2_261","b2","Arthropoda","Collembola","Pseudisotoma sensibilis",358901,106.74,150,104,50,122,3978833,424689886,19732,15321,13631388,34.2,660,564,7685,13295,"bag2",1.93000000000001,"arthropoda_odb10",0.1,0.1,0,0.5,99.4,1013,"Collembola"
"173","P2_263","b2","Arthropoda","Collembola","Pseudisotoma sensibilis",358901,111.98,150,113,50,131,4061995,454871982,22023,8186,16542605,33.03,720,585,7924,14347,"bag2",3.33,"arthropoda_odb10",0.3,0.3,0,0.6,99.1,1013,"Collembola"
"174","P1_264","b2","Arthropoda","Collembola","Pseudisotoma sensibilis",358901,102.49,150,97,50,119,1982642,203192246,2162,4108,1758634,33.67,796,612,728,1362,"bag2",1.84,"arthropoda_odb10",0,0,0,0.1,99.9,1013,"Collembola"
"175","P1_266","b2","Annelida","Enchytraeidae","Enchytraeus bigeminus",2717144,106.24,150,103,50,124,1247097,132491375,1549,2957,1129877,35.52,698,576,573,1021,"bag2",3.76000000000001,NA,NA,NA,NA,NA,NA,NA,"Enchytraeidae"
"176","P1_271","b2","Annelida","Enchytraeidae","Enchytraeus bigeminus",2717144,125.35,150,142,50,150,2194333,275068088,2437,8860,2153839,35.56,878,607,687,1446,"bag2",2.23,"metazoa_odb10",0,0,0,0,100,954,"Enchytraeidae"
"177","P1_273","b2","Annelida","Enchytraeidae","Enchytraeus bigeminus",2717144,125.96,150,149,50,150,1367572,172255381,1560,8241,1419500,34.95,919,625,444,917,"bag2",3.12,"metazoa_odb10",0,0,0,0,100,954,"Enchytraeidae"
"178","P1_281","b2","Annelida","Enchytraeidae","Enchytraeus albidus",6390,122.67,150,138,50,150,1843570,226141624,2175,8401,2093396,38.94,1000,645,569,1235,"bag2",2.90000000000001,"metazoa_odb10",0.1,0.1,0,0,99.9,954,"Enchytraeidae"
"179","P1_282","b2","Annelida","Enchytraeidae","Enchytraeus albidus",6390,125.47,150,150,50,150,2259261,283462846,3362,15162,3750674,38.07,1239,786,881,1852,"bag2",2.03,"metazoa_odb10",0,0,0,0,100,954,"Enchytraeidae"
"180","P1_283","b2","Annelida","Enchytraeidae","Enchytraeus crypticus",913645,120.64,150,132,50,150,1777480,214431338,3534,7533,2913257,38.17,812,603,1141,2195,"bag2",7.12,"metazoa_odb10",0,0,0,0,100,954,"Enchytraeidae"
"181","P1_284","b2","Annelida","Enchytraeidae","Enchytraeus crypticus",913645,118.79,150,127,50,150,1499277,178101796,2068,5764,1630871,37.96,736,573,661,1301,"bag2",8.23,"metazoa_odb10",0,0,0,0.1,99.9,954,"Enchytraeidae"
"182","P1_287","b2","Arthropoda","Acari","Tyrophagus putrescentiae",59818,127.09,150,150,50,150,2023315,257151579,30,2452,24647,41.23,844,576,10,19,"bag2",11.13,NA,NA,NA,NA,NA,NA,NA,"Acari"
"183","P1_291","b2","Arthropoda","Acari","Tyrophagus putrescentiae",59818,124.7,150,140,50,150,1408075,175593104,449,2134,298800,42.22,623,553,179,307,"bag2",20.91,"arachnida_odb10",0,0,0,0,100,2934,"Acari"
"184","P2_307","b2","Arthropoda","Acari","Tyrophagus putrescentiae",59818,114.15,150,117,50,137,3817158,435728556,2978,5173,2159117,42.78,686,570,1096,1963,"bag2",32.33,"arachnida_odb10",0.1,0.1,0,0.1,99.8,2934,"Acari"
"185","a_1","b9","Arthropoda","Isopoda","Philoscia muscorum",115148,146.1,150,150,50,150,65058024,9505007794,314164,18132,261362421,33.13,828,622,104239,196166,"bag2",2.87,"arthropoda_odb10",0.3,0.3,0,0.5,99.2,1013,"Isopoda"
"186","a_2","b9","Arthropoda","Isopoda","Polydesmus angustus",1068628,146.58,150,150,50,150,69897615,10245452255,90063,189020,209945911,31.48,4122,1642,10581,31334,"bag2",0.390000000000001,"arthropoda_odb10",82.3,81.2,1.1,9.4,8.3,1013,"Isopoda"
"187","a_3","b9","Arthropoda","Isopoda","Trachelipus rathkii",1720764,146.13,150,150,50,150,67228580,9823815484,235561,26374,196456909,34.02,836,625,78438,147040,"bag2",3.33,"arthropoda_odb10",0.6,0.5,0.1,0.5,98.9,1013,"Isopoda"
"188","a_4","b9","Arthropoda","Chilopoda","Haplophilus subterraneus",173289,146.94,150,150,50,150,71473078,10502066314,69836,258840,161054304,34.57,4110,1669,8289,23920,"bag2",0.290000000000006,"arthropoda_odb10",70.6,69.6,1,18.4,11,1013,"Chilopoda"
"189","a_5","b9","Arthropoda","Chilopoda","Henia vesuviana",126936,146,150,150,50,150,69131890,10093106158,87224,525794,198389748,35.71,4136,1630,9845,29436,"bag2",0.219999999999999,"arthropoda_odb10",87.3,86.6,0.7,5.9,6.8,1013,"Chilopoda"
"190","a_6","b9","Arthropoda","Isopoda","Oniscus asellus",96861,146.09,150,150,50,150,70336283,10275214079,159982,22732,127647931,34.94,763,593,53061,101025,"bag2",2.06999999999999,"arthropoda_odb10",0.3,0.2,0.1,0.1,99.6,1013,"Isopoda"
"191","a_7","b9","Arthropoda","Isopoda","Porcellio scaber",64697,145.57,150,150,50,150,76588119,11148881303,357982,19630,433158172,33.14,1377,890,95822,194304,"bag2",4.73,"arthropoda_odb10",8.4,8.1,0.3,11.8,79.8,1013,"Isopoda"
"192","a_8","b9","Arthropoda","Isopoda","Trichoniscus pusillus aggr.",33330,147.02,150,150,50,150,67710768,9955117643,221219,21120,197474040,31.64,910,654,69546,134033,"bag2",1.88,"arthropoda_odb10",3.2,3.2,0,11.5,85.3,1013,"Isopoda"
"193","a_9","b9","Arthropoda","Isopoda","Porcellio spinicornis",172005,146.38,150,150,50,150,67785948,9922212808,176237,37129,144928411,33.34,814,619,59155,110629,"bag2",1.92,"arthropoda_odb10",0.2,0.1,0.1,0.4,99.4,1013,"Isopoda"
"194","a_10","b9","Arthropoda","Diplopoda","Glomeris marginata",62006,NA,NA,NA,NA,NA,NA,NA,37784,140589,159414358,37.94,11551,4314,3473,9147,"bag2",0.469999999999999,"arthropoda_odb10",84,83.9,0.1,5.6,10.4,1013,"Diplopoda"
"195","a_11","b9","Arthropoda","Chilopoda","Lithobius calcaratus",1147026,143.76,150,150,50,150,75963245,10920334748,452229,49167,398249148,41.27,881,643,141581,275039,"bag2",0.230000000000004,"arthropoda_odb10",1.2,1,0.2,2.2,96.6,1013,"Chilopoda"
"196","a_12","b9","Arthropoda","Diplopoda","Xestoiulus laeticollis",1522044,147.22,150,150,50,150,68113623,10027598824,55970,146134,269541015,36.34,10421,4627,6704,16474,"bag2",1.45,"arthropoda_odb10",82.9,82.2,0.7,7.6,9.5,1013,"Diplopoda"
"197","a_13","b9","Arthropoda","Diplopoda","Ommatoiulus sabulosus",1008866,145.91,150,150,50,150,80643869,11766810115,79357,114607,374359733,37.01,8852,3999,11304,27040,"bag2",0.430000000000007,"arthropoda_odb10",79.3,78.7,0.6,10.9,9.8,1013,"Diplopoda"
"198","a_14","b9","Arthropoda","Diplopoda","Cylindroiulus punctatus",61981,146.56,150,150,50,150,71957287,10545899571,49154,197196,229291123,39.44,11556,4469,4547,12602,"bag2",0.370000000000005,"arthropoda_odb10",68.7,68,0.7,10.9,20.4,1013,"Diplopoda"
"199","a_15","b9","Arthropoda","Diplopoda","Polydesmus complanatus",510027,144.83,150,150,50,150,72471845,10495794469,22675,271648,176913806,32.6,30151,10432,1516,3999,"bag2",1.5,"arthropoda_odb10",92.2,91,1.2,2.5,5.3,1013,"Diplopoda"
"200","a_17","b9","Arthropoda","Chilopoda","Cryptops parisi",173049,144.87,150,150,50,150,70799926,10256870835,45262,184042,321085688,34.41,15344,6816,5489,13354,"bag2",1.26000000000001,"arthropoda_odb10",86.5,85.7,0.8,5.9,7.6,1013,"Chilopoda"
"201","a_18","b9","Arthropoda","Diplopoda","Julus scandinavius",1008810,146.65,150,150,50,150,70189176,10293305277,64742,151016,279298455,37.24,9794,4190,7334,18279,"bag2",0.650000000000006,"arthropoda_odb10",82,81.4,0.6,7.5,10.5,1013,"Diplopoda"
"202","a_20","b9","Arthropoda","Diplopoda","Proteroiulus fuscus",88024,145.42,150,150,50,150,71263304,10363013036,62110,90448,270160041,34.71,7491,3840,10175,22748,"bag2",0.969999999999999,"arthropoda_odb10",64.6,64.2,0.4,14,21.4,1013,"Diplopoda"
"203","a_21","b9","Arthropoda","Chilopoda","Pachymerium ferrugineum",115410,146.46,150,150,50,150,69265143,10144702208,20866,419682,131602344,34.62,28783,8169,1078,3245,"bag2",0.170000000000002,"arthropoda_odb10",91.1,89.4,1.7,2.7,6.2,1013,"Chilopoda"
"204","a_22","b9","Arthropoda","Chilopoda","Strigamia acuminata",1255758,145.81,150,150,50,150,71612565,10441553113,26184,308734,125913032,36.82,11095,4569,2395,6889,"bag2",0.519999999999996,"arthropoda_odb10",87,85.3,1.7,5.8,7.2,1013,"Chilopoda"
"205","a_23","b9","Arthropoda","Chilopoda","Strigamia transsilvanica",1579475,146.79,150,150,50,150,66803600,9806357798,29123,241265,148671165,37.27,13030,5140,2669,7271,"bag2",0.310000000000002,"arthropoda_odb10",87.1,84.9,2.2,3.7,9.2,1013,"Chilopoda"
"206","a_25","b9","Arthropoda","Collembola","Isotomurus pseudopalustris",36142,146.21,150,150,50,150,70204107,10264842699,49437,196207,155314832,38.89,6990,2641,5125,14285,"bag2",0.0499999999999972,"arthropoda_odb10",89.7,88.9,0.8,4,6.3,1013,"Collembola"
"207","a_26","b9","Arthropoda","Collembola","Isotoma caerulea",308473,146.35,150,150,50,150,68755378,10062602372,124309,147393,233472586,33.2,2865,1324,19691,50042,"bag2",0.319999999999993,"arthropoda_odb10",78.7,77.8,0.9,13,8.3,1013,"Collembola"
"208","a_27","b9","Arthropoda","Collembola","Lepidocyrtus paradoxus",49179,147.89,150,150,50,150,69814229,10324734167,98388,261192,203139002,37.37,3284,1357,9767,34795,"bag2",0.0499999999999972,"arthropoda_odb10",72.5,70.6,1.9,16,11.5,1013,"Collembola"
"209","a_28","b9","Arthropoda","Collembola","Orchesella flavescens",48711,148.05,150,150,50,150,69733265,10324308892,74419,346656,241752782,35.79,7606,2720,6324,19842,"bag2",0.0400000000000063,"arthropoda_odb10",84.6,80.4,4.2,7.7,7.7,1013,"Collembola"
"210","a_29","b9","Arthropoda","Collembola","Orchesella bifasciata",576794,147.32,150,150,50,150,70044097,10318653035,89772,348138,262139786,36.89,6416,2298,8814,26363,"bag2",0.0600000000000023,"arthropoda_odb10",78.8,75.1,3.7,11.3,9.9,1013,"Collembola"
"211","a_30","b9","Arthropoda","Collembola","Allacma fusca",39272,147.31,150,150,50,150,70884502,10441977904,53265,501303,320331694,36.74,17617,6140,3826,11755,"bag2",0.349999999999994,"arthropoda_odb10",90.8,89.8,1,3.3,5.9,1013,"Collembola"
"212","a_31","b9","Arthropoda","Collembola","Dicyrtoma fusca",1385863,147.46,150,150,50,150,68809593,10146522221,83133,227454,367919098,36.53,10837,4244,7965,21591,"bag2",0.310000000000002,"arthropoda_odb10",86,85,1,7.4,6.6,1013,"Collembola"
"213","a_32","b9","Arthropoda","Collembola","Dicyrtomina minuta",1387116,147.81,150,150,50,150,71434794,10559104168,182838,163780,489053436,34.83,4823,2098,23943,62641,"bag2",0.959999999999994,"arthropoda_odb10",81.2,80.3,0.9,10,8.8,1013,"Collembola"
"214","a_33","b9","Arthropoda","Collembola","Entomobrya muscorum",2041940,148.04,150,150,50,150,91357716,13524641110,134627,63066,279862278,35.38,3019,1568,26175,58349,"bag2",0.0100000000000051,"arthropoda_odb10",57.9,57.4,0.5,22.1,20,1013,"Collembola"
"215","a_34","b9","Arthropoda","Collembola","Ceratophysella granulata",1218962,147.78,150,150,50,150,64867681,9586360963,77030,91823,205104177,37.96,5165,2124,10022,25596,"bag2",0.180000000000007,"arthropoda_odb10",82.5,81.7,0.8,9.1,8.4,1013,"Collembola"
"216","a_35","b9","Arthropoda","Collembola","Anurida granaria",187597,146.49,150,150,50,150,69766968,10220471750,47967,102809,132707328,40.58,5289,2238,5992,15690,"bag2",0.299999999999997,"arthropoda_odb10",85.9,84.6,1.3,4.9,9.2,1013,"Collembola"
"217","a_36","b9","Arthropoda","Collembola","Isotomurus graminis",1184803,147.22,150,150,50,150,71175812,10478794876,46519,124569,150489572,39.43,7650,2935,4733,12657,"bag2",0.170000000000002,"arthropoda_odb10",80.1,79.1,1,10.7,9.2,1013,"Collembola"
"218","a_37","b9","Arthropoda","Collembola","Folsomia inoculata",2041942,146.95,150,150,50,150,68802573,10110570772,90447,87332,165769473,37.29,2814,1281,14440,36584,"bag2",1.47,"arthropoda_odb10",74.7,74.4,0.3,13.5,11.8,1013,"Collembola"
"219","a_38","b9","Arthropoda","Collembola","Folsomia inoculata",2041942,146.57,150,150,50,150,73705202,10803114498,81583,71697,164633723,37.37,3346,1446,12013,31063,"bag2",1.06999999999999,"arthropoda_odb10",80.9,80.6,0.3,9.7,9.4,1013,"Collembola"
"220","a_39","b9","Arthropoda","Collembola","Sminthurinus aureus",1496267,147.41,150,150,50,150,50204099,7400688210,50090,135257,302314595,34,15023,6149,5193,13065,"bag2",30.23,"arthropoda_odb10",86.5,85.3,1.2,6.5,7,1013,"Collembola"
"221","a_40","b9","Arthropoda","Collembola","Gisinianus flammeolus",2449080,148.02,150,150,50,150,65396084,9679878431,23648,279280,213903219,35.94,31668,12195,1722,4483,"bag2",0.980000000000004,"arthropoda_odb10",92.8,91.6,1.2,1.9,5.3,1013,"Collembola"
"222","a_41","b9","Arthropoda","Collembola","Pseudosinella alba",1302326,147.55,150,150,50,150,68353554,10085452008,183287,280691,334623379,37.94,2575,1246,28262,75809,"bag2",0.670000000000002,"arthropoda_odb10",61.7,58.1,3.6,23.6,14.7,1013,"Collembola"
"223","a_42","b9","Arthropoda","Collembola","Bilobella braunerae",106916,145.8,150,150,50,150,63658646,9281582907,135066,179693,310704205,36.27,4093,1699,18350,48255,"bag2",0.0699999999999932,"arthropoda_odb10",59,56.6,2.4,21.7,19.3,1013,"Collembola"
"224","a_43","b9","Arthropoda","Collembola","Vertagopus arboreus",2041954,147.21,150,150,50,150,75309245,11086354763,107697,159467,199953470,33.06,2811,1263,15360,42478,"bag2",0.170000000000002,"arthropoda_odb10",65.4,64.3,1.1,20.8,13.8,1013,"Collembola"
"225","a_45","b9","Arthropoda","Collembola","Hypogastrura burkilli",1725397,146.15,150,150,50,150,73867538,10795542975,94831,263976,215996494,40.84,4070,1623,10880,32414,"bag2",0.120000000000005,"arthropoda_odb10",72.8,71.8,1,12.8,14.4,1013,"Collembola"
"226","a_46","b9","Arthropoda","Collembola","Lipothrix lubbocki",1387126,148.25,150,150,50,150,69868648,10357897553,43032,540016,277320466,34.68,20249,6548,2544,8874,"bag2",0.5,"arthropoda_odb10",91,89.4,1.6,2.5,6.5,1013,"Collembola"
"227","a_48","b9","Arthropoda","Collembola","Entomobrya nicoleti",2041941,146.67,150,150,50,150,70271964,10306832399,124986,130324,330647988,34.36,5430,2000,13611,39274,"bag2",0.0699999999999932,"arthropoda_odb10",75.1,73,2.1,14.9,10,1013,"Collembola"
"228","a_49","b9","Arthropoda","Collembola","Pogonognathellus flavescens",511703,147.93,150,150,50,150,67201049,9941306227,75260,333093,311296792,33.98,10199,3927,7042,19430,"bag2",0.0499999999999972,"arthropoda_odb10",83.3,81.4,1.9,9.1,7.6,1013,"Collembola"
"229","a_50","b9","Arthropoda","Collembola","Isotoma viridis",187635,146.7,150,150,50,150,69677841,10221978540,135028,299602,267121495,32.24,3120,1347,16706,50088,"bag2",0.0799999999999983,"arthropoda_odb10",64.8,62.9,1.9,21.2,14,1013,"Collembola"
"230","a_51","b9","Arthropoda","Collembola","Dicyrtomina saundersi",438492,147.47,150,150,50,150,67596840,9968294083,214288,201186,506134237,34.72,3846,1808,32953,81200,"bag2",0.689999999999998,"arthropoda_odb10",80.3,79.3,1,9.8,9.9,1013,"Collembola"
"231","a_53","b9","Arthropoda","Collembola","Lepidocyrtus cyaneus",247612,146.51,150,150,50,150,67280168,9856893369,162755,77166,255310856,38.19,2076,1067,29726,73276,"bag2",0.129999999999995,"arthropoda_odb10",63.4,61.6,1.8,22,14.6,1013,"Collembola"
"232","a_54","b9","Arthropoda","Collembola","Willowsia buski",1458441,147.16,150,150,50,150,65032403,9570284182,111421,185866,322401694,35.43,5835,2382,13458,35248,"bag2",0.0600000000000023,"arthropoda_odb10",83.4,82,1.4,8.9,7.7,1013,"Collembola"
"233","a_55","b9","Arthropoda","Collembola","Willowsia nigromaculata",1302335,147.38,150,150,50,150,81868844,12065930044,57622,238223,335741602,35.58,14199,5549,5424,15036,"bag2",0.140000000000001,"arthropoda_odb10",88.6,87.2,1.4,5.3,6.1,1013,"Collembola"
"234","a_56","b9","Arthropoda","Diplura","Campodea plusiochaeta",89972,147.18,150,150,50,150,65488935,9638700314,231684,85230,573924897,30.86,3600,1830,42605,98835,"bag2",5.7,"arthropoda_odb10",27.9,26.9,1,41.2,30.9,1013,"Diplura"
"235","a_57","b9","Arthropoda","Diplura","Campodea plusiochaeta",89972,147.26,150,150,50,150,65133149,9591676846,250076,53219,602100884,30.86,3408,1787,49486,110685,"bag2",0.0499999999999972,"arthropoda_odb10",25.1,24.4,0.7,40.1,34.8,1013,"Diplura"
"236","a_58","b9","Arthropoda","Collembola","Paratullbergia callipygos",2041961,147.46,150,150,50,150,71863426,10596654245,176417,35444,260476162,39.11,1927,1049,38108,84134,"bag2",0.120000000000005,"arthropoda_odb10",36.9,30.7,6.2,33.7,29.4,1013,"Collembola"
"237","a_59","b9","Arthropoda","Collembola","Protaphorura quadriocellata",187683,147.25,150,150,50,150,72203778,10631682678,186330,124906,392061562,37.37,3395,1546,28152,71474,"bag2",0.159999999999997,"arthropoda_odb10",72.4,71.5,0.9,15.1,12.5,1013,"Collembola"
"238","a_61","b9","Arthropoda","Collembola","Protaphorura quadriocellata",187683,147.66,150,150,50,150,70542729,10416069232,174513,123117,392824805,37.38,3782,1667,24345,63985,"bag2",0.0999999999999943,"arthropoda_odb10",73.6,72.1,1.5,13.7,12.7,1013,"Collembola"
"239","a_62","b9","Arthropoda","Collembola","Protaphorura armata",187684,147.97,150,150,50,150,69512252,10285841399,191485,149262,346765916,36.77,2643,1266,31703,79685,"bag2",0.0900000000000034,"arthropoda_odb10",46.7,41.8,4.9,30.2,23.1,1013,"Collembola"
"240","a_64","b9","Arthropoda","Collembola","Collembola",30001,147.81,150,150,50,150,69190863,10227441614,89519,187138,275245309,34.14,6558,2523,9725,26855,"bag2",0.0600000000000023,"arthropoda_odb10",83.8,82.5,1.3,9,7.2,1013,"Collembola"
"241","a_65","b9","Arthropoda","Collembola","Collembola",30001,147.87,150,150,50,150,64133985,9483426903,128363,126889,301025675,35.74,4160,1733,16728,45264,"bag2",0.109999999999999,"arthropoda_odb10",80.4,78.5,1.9,11.5,8.1,1013,"Collembola"
"242","a_66","b9","Arthropoda","Collembola","Agrenia bidenticulata",1933610,147.12,150,150,50,150,73822863,10861070427,101706,412229,411396600,30.95,10359,3285,7763,26158,"bag2",0.0600000000000023,"arthropoda_odb10",93.3,92.3,1,1.3,5.4,1013,"Collembola"
"243","a_69","b9","Arthropoda","Collembola","Isotomurus maculatus",36143,147.69,150,150,50,150,69928881,10327976263,71490,232738,177476601,39.34,4727,1874,8269,23409,"bag2",0.0400000000000063,"arthropoda_odb10",74.4,73.3,1.1,13.4,12.2,1013,"Collembola"
"244","a_70","b9","Arthropoda","Collembola","Hypogastrura burkilli",1725397,146.84,150,150,50,150,72828057,10693987659,77940,249384,216033958,40.79,5253,2202,9277,25316,"bag2",0.0499999999999972,"arthropoda_odb10",75,73.9,1.1,11.3,13.7,1013,"Collembola"
"245","a_71","b9","Arthropoda","Collembola","Isotoma decorata",57735,144.89,150,150,50,150,70179560,10168529761,165933,203684,314863068,33.83,2860,1326,24754,65694,"bag2",0.0999999999999943,"arthropoda_odb10",62,58.7,3.3,21.4,16.6,1013,"Collembola"
"246","a_73","b9","Arthropoda","Chilopoda","Lithobius forficatus",7552,146.14,150,150,50,150,71363398,10429162565,511088,34266,683924589,40.12,1568,992,131645,269593,"bag2",0.390000000000001,"arthropoda_odb10",13,12.8,0.2,30.9,56.1,1013,"Chilopoda"
"247","a_74","b9","Arthropoda","Chilopoda","Lithobius microps",1569488,145.31,150,150,50,150,66534546,9667878203,525464,51930,626140670,39.76,1333,886,142859,287845,"bag2",0.859999999999999,"arthropoda_odb10",11.8,11.6,0.2,26.6,61.6,1013,"Chilopoda"
"248","a_75","b9","Arthropoda","Chilopoda","Lithobius nodulipes",1255757,146.01,150,150,50,150,65051096,9498254359,552208,31180,557635395,39.41,1065,737,162469,319671,"bag2",0.25,"arthropoda_odb10",3.7,3.6,0.1,8.8,87.5,1013,"Chilopoda"
"249","a_76","b9","Arthropoda","Chilopoda","Lithobius agilis",1569484,145.49,150,150,50,150,64430075,9373765910,567561,56142,720870342,39.18,1450,950,154464,308905,"bag2",0.200000000000003,"arthropoda_odb10",8.7,8.3,0.4,12.6,78.7,1013,"Chilopoda"
"250","a_80","b9","Arthropoda","Chilopoda","Lithobius crassipesoides",2015377,144.44,150,150,50,150,68742317,9929164704,429524,33600,486415499,39.34,1241,850,121589,240728,"bag2",0.510000000000005,"arthropoda_odb10",3.9,3.9,0,12.4,83.7,1013,"Chilopoda"
"251","a_81","b9","Arthropoda","Chilopoda","Lithobius crassipes",1147027,143.86,150,150,50,150,69676085,10023755065,406080,38019,582835778,39.8,1706,1061,101932,211184,"bag2",0.370000000000005,"arthropoda_odb10",13.4,13.2,0.2,30.8,55.8,1013,"Chilopoda"
"252","a_83","b9","Arthropoda","Chilopoda","Stenotaenia linearis",1569481,146.68,150,150,50,150,68222768,10006707623,44530,292767,158457551,35.56,8434,3071,3637,11641,"bag2",1.13,"arthropoda_odb10",83.3,81.4,1.9,7.3,9.4,1013,"Chilopoda"
"253","a_84","b9","Arthropoda","Chilopoda","Geophilus carpophagus",173285,147.19,150,150,50,150,72660963,10695242449,41003,194160,155172134,31.69,8146,3324,4329,11901,"bag2",0.280000000000001,"arthropoda_odb10",89.4,86.5,2.9,4.1,6.5,1013,"Chilopoda"
"254","a_86","b9","Arthropoda","Diplopoda","Kryphioiulus occultus",1008825,144.46,150,150,50,150,72342618,10450398929,30200,199451,246684850,37.66,18693,8115,3430,8448,"bag2",0.549999999999997,"arthropoda_odb10",81.9,81.5,0.4,8,10.1,1013,"Diplopoda"
"255","a_87","b9","Arthropoda","Diplopoda","Choneiulus palmatus",1008849,147.31,150,150,50,150,70155685,10334978835,165599,25472,329516679,33.52,2530,1473,38236,81277,"bag2",0.260000000000005,"arthropoda_odb10",26.7,26.6,0.1,39.6,33.7,1013,"Diplopoda"
"256","a_91","b9","Arthropoda","Diplopoda","Rossiulus vilnensis",NA,145.97,150,150,50,150,77653908,11335029860,27062,129385,234652535,37.43,18555,9069,3578,8057,"bag2",0.25,"arthropoda_odb10",83.1,82.8,0.3,5.8,11.1,1013,"Diplopoda"
"257","a_92","b9","Arthropoda","Diplopoda","Ophyiulus pilosus",118470,146.02,150,150,50,150,71956176,10506867428,64911,525970,230247290,37.54,7764,2916,5331,17823,"bag2",0.390000000000001,"arthropoda_odb10",71.6,71.2,0.4,13.7,14.7,1013,"Diplopoda"
"258","a_93","b9","Arthropoda","Diplopoda","Julus scanicus",541046,147.31,150,150,50,150,73714752,10859174924,48387,205375,275481723,36.73,12251,5524,5755,14160,"bag2",0.540000000000006,"arthropoda_odb10",86.6,86.3,0.3,4.2,9.2,1013,"Diplopoda"
"259","a_95","b9","Arthropoda","Diplopoda","Melogona voigti",1147011,141.91,150,150,50,150,71926173,10207190591,97824,66304,378404268,40.43,6128,3145,17754,39317,"bag2",0.530000000000001,"arthropoda_odb10",61.9,61.6,0.3,24.4,13.7,1013,"Diplopoda"
"260","a_96","b9","Arthropoda","Diplopoda","Glomeris hexasticha",1392624,143.05,150,150,50,150,66717421,9543865415,69956,62991,220808849,38.49,4920,2386,11787,27993,"bag2",1.95999999999999,"arthropoda_odb10",76.9,76.6,0.3,11.5,11.6,1013,"Diplopoda"
"261","MI_483","b9","Arthropoda","Collembola","Deuterosminthurus bicinctus",2041938,NA,NA,NA,NA,NA,NA,NA,77250,472600,233739476,40.82,7246,2573,6479,20145,"bag2",0.290000000000006,"arthropoda_odb10",80.5,79.5,1,10.1,9.4,1013,"Collembola"
"262","MI_484","b9","Arthropoda","Collembola","Deuterosminthurus bicinctus",2041938,NA,NA,NA,NA,NA,NA,NA,77101,288033,229937048,40.87,6501,2430,7372,22095,"bag2",0.290000000000006,"arthropoda_odb10",79.9,77.7,2.2,10.2,9.9,1013,"Collembola"
"263","MI_487","b9","Arthropoda","Collembola","Isotomurus unifasciatus",48718,NA,NA,NA,NA,NA,NA,NA,111412,48488,162493100,39.47,2163,907,17742,47564,"bag2",0.489999999999995,"arthropoda_odb10",45.3,44.8,0.5,28.2,26.5,1013,"Collembola"
"264","MI_489","b9","Nematoda","Nematoda","Plectus exinocaudatus",2072759,NA,NA,NA,NA,NA,NA,NA,80037,76604,159181096,45.94,3819,1369,10161,27626,"bag2",0.140000000000001,"nematoda_odb10",52,49.7,2.3,8.8,39.2,3131,"Nematoda"
"265","MI_492","b9","Arthropoda","Oribatida","Phthiracarus laevigatus",229740,NA,NA,NA,NA,NA,NA,NA,67240,154792,230763256,29.6,8047,3016,6777,18511,"bag2",1.12,"arthropoda_odb10",87.6,86.6,1,3.3,9.1,1013,"Oribatida"
"266","MI_445","b7","Arthropoda","Collembola","Neelides folsomi",332381,147.81,150,150,50,150,64868551,9587923697,1969,780296,88077484,33.32,162062,77453,150,348,"bag2",NA,"arthropoda_odb10",72.2,72.2,0,10.6,17.2,1013,"Collembola"
"267","MI_448","b7","Arthropoda","Collembola","Isotoma",57735,146.46,150,150,50,150,64040429,9379075985,100445,282396,229643284,32.58,4236,1590,10419,33435,"bag2",NA,"arthropoda_odb10",55.7,55.7,0,19.5,24.8,1013,"Collembola"
"268","MI_451","b7","Arthropoda","Collembola","Neelus murinus",1348065,145.99,150,150,50,150,65371950,9543549543,146475,36343,266644693,25.95,2648,1305,26578,62850,"bag2",NA,"arthropoda_odb10",44,30.6,13.4,33.3,22.7,1013,"Collembola"
"269","MI_456","b7","Arthropoda","Acari","Allosuctobelba grandis",2234146,147.04,150,150,50,150,64485169,9482109059,48479,20454,39865843,35.63,794,609,15788,30279,"bag2",NA,"arachnida_odb10",6.1,6.1,0,6.4,87.5,2934,"Oribatida"
"270","MI_457","b7","Arthropoda","Acari","Carabodes coriaceus",229789,146.04,150,150,50,150,65483178,9563348621,102269,30644,139514524,28.82,1683,940,22443,50540,"bag2",NA,"arachnida_odb10",85.5,84.3,1.2,4.5,10,2934,"Oribatida"
"271","MI_461","b7","Arthropoda","Acari","Hermannia gibba",229873,145.54,150,150,50,150,49057666,7139662663,86668,26136,129308837,31.07,1895,1072,19054,42012,"bag2",NA,"arachnida_odb10",42.8,42.8,0,9.9,47.3,2934,"Acari"
"272","MI_463","b7","Arthropoda","Oribatida","Licneremaeus licnophorus",NA,146.98,150,150,50,150,68562796,10077428685,53128,95820,128305438,31.05,4095,1870,7828,19592,"bag2",NA,"arachnida_odb10",68.5,68.4,0.1,7,24.5,2934,"Oribatida"
"273","MI_464","b7","Arthropoda","Acari","Mesoplophora pulchra",334620,146.05,150,150,50,150,67154145,9808125631,57662,92838,138242702,23.67,3888,1853,8847,21833,"bag2",NA,"arachnida_odb10",67.6,67.6,0,8.2,24.2,2934,"Oribatida"
"274","MI_465","b7","Arthropoda","Acari","Metabelba cf. pulverosa",229776,147.21,150,150,50,150,87416670,12869034409,67797,171857,179604645,33.11,5472,2141,7318,20600,"bag2",NA,NA,NA,NA,NA,NA,NA,NA,"Oribatida"
"275","MI_467","b7","Arthropoda","Acari","Nothrus cf. silvestris",66602,146.47,150,150,50,150,65192812,9548536566,71365,66631,160070366,29.29,3207,1666,13789,31174,"bag2",NA,"arachnida_odb10",87.2,86.1,1.1,3.6,9.2,2934,"Acari"
"276","MI_468","b7","Arthropoda","Acari","Oribatella calcarata",198297,146.95,150,150,50,150,61904502,9096963881,48208,108962,119788919,33.32,4679,1958,6577,16566,"bag2",NA,"arachnida_odb10",89.1,88,1.1,2.8,8.1,2934,"Oribatida"
"277","MI_469","b7","Arthropoda","Acari","Oribatula tibialis",229868,146.22,150,150,50,150,61378381,8974454684,48186,98889,128345364,36.88,4909,2051,6283,16525,"bag2",NA,"arachnida_odb10",70.9,70.7,0.2,6.3,22.8,2934,"Oribatida"
"278","MI_473","b7","Annelida","Enchytraeidae","Cognettia cognetti",1502715,146.04,150,150,50,150,70923046,10357358167,90092,97882,438331010,42.51,10027,4712,12296,28172,"bag2",NA,"metazoa_odb10",56,56,0,21.8,22.2,954,"Enchytraeidae"
"279","MI_474","b7","Annelida","Enchytraeidae","Oconnorella tubifera",913705,144.47,150,150,50,150,62594291,9043053343,71728,87511,305460197,32.06,8895,3980,9119,21919,"bag2",NA,"metazoa_odb10",51.7,51.7,0,24.9,23.4,954,"Enchytraeidae"
"280","MI_475","b7","Annelida","Enchytraeidae","Fridericia nemoralis",913654,143.54,150,150,50,150,63829022,9162145886,318824,39231,559676837,37.62,2239,1305,74538,156803,"bag2",NA,"metazoa_odb10",13.3,13.3,0,35.4,51.3,954,"Enchytraeidae"
"281","MI_476","b7","Annelida","Enchytraeidae","Stercutus niveus",913707,146.54,150,150,50,150,71423373,10466388460,527902,22332,749469005,39.55,1708,1061,135330,275250,"bag2",NA,"metazoa_odb10",4.3,4.3,0,25.4,70.3,954,"Enchytraeidae"
"282","MI_477","b7","Annelida","Enchytraeidae","Buchholzia appendiculata",735358,145.27,150,150,50,150,73524984,10681341610,263428,37429,625151618,38.77,3410,1783,51560,115199,"bag2",NA,"metazoa_odb10",23.9,23.9,0,37.6,38.5,954,"Enchytraeidae"
"283","MI_478","b7","Annelida","Enchytraeidae","Enchytraeus norvegicus",913647,146.59,150,150,50,150,60736374,8903185282,163985,45198,527705550,37.51,4629,2580,34533,72574,"bag2",NA,"metazoa_odb10",21.4,21.4,0,37.3,41.3,954,"Enchytraeidae"
"284","MI_479","b7","Arthropoda","Collembola","Allacma fusca",39272,146.73,150,150,50,150,69319593,10170925267,43674,446368,280652606,37,23496,7627,2514,7847,"bag2",NA,"arthropoda_odb10",74.3,74.3,0,11.8,13.9,1013,"Collembola"
"285","MI_480","b7","Arthropoda","Collembola","Sminthurinus sp.",187717,146.47,150,150,50,150,63755891,9338413891,227484,171962,369815737,33.37,2230,1116,40638,100010,"bag2",NA,"arthropoda_odb10",33.7,33.5,0.2,34,32.3,1013,"Collembola"
"286","MI_32","b0","Arthropoda","Acari","Acrotritia duplicata",1979925,137.94,150,150,50,150,9692709,1337008487,50336,21744,48994344,35.87,1005,700,14682,29403,"bag2",1.91,"arachnida_odb10",25.4,24.8,0.6,11.7,62.9,2934,"Oribatida"
"287","MI_42","b0","Arthropoda","Acari","Acrotritia duplicata",1979925,131.61,150,150,50,150,10923455,1437607842,50071,20577,47695575,35.08,976,688,14903,29548,"bag2",2.61,"arachnida_odb10",24,23.7,0.3,12.4,63.6,2934,"Oribatida"
"288","MI_44","b0","Nematoda","Nematoda","Acrobeloides nanus",290746,134.29,150,150,50,150,9465495,1271100579,54549,16934,49376150,36.94,932,683,17758,33285,"bag2",5.06,"nematoda_odb10",5.9,5.8,0.1,5.5,88.6,3131,"Nematoda"
"289","MI_45","b0","Nematoda","Nematoda","Acrobeloides nanus",290746,137.8,150,150,50,150,10986763,1514019857,75076,21515,103971068,36.18,1626,1030,19596,39835,"bag2",0.859999999999999,"nematoda_odb10",22.6,22.2,0.4,10.2,67.2,3131,"Nematoda"
"290","MI_46","b0","Nematoda","Nematoda","Acrobeloides nanus",290746,134.19,150,150,50,150,8224033,1103591745,71810,16959,81276536,36.32,1239,855,20932,40813,"bag2",0.939999999999998,"nematoda_odb10",13.2,13,0.2,7.9,78.9,3131,"Nematoda"
"291","MI_47","b0","Nematoda","Nematoda","Acrobeloides nanus",290746,138.87,150,150,50,150,9113817,1265594678,83014,16969,102703006,36.08,1387,926,23106,45896,"bag2",0.0600000000000023,"nematoda_odb10",19.7,19.1,0.6,9.9,70.4,3131,"Nematoda"
"292","MI_48","b0","Arthropoda","Collembola","Folsomia penicula",266765,139.54,150,150,50,150,8000787,1116416527,58186,33253,117331710,39.64,2748,1538,12480,26742,"bag2",0.340000000000003,"arthropoda_odb10",65.8,65.7,0.1,17,17.2,1013,"Collembola"
"293","MI_49","b0","Arthropoda","Acari","Acrotritia duplicata",1979925,128.38,150,150,50,150,7598491,975529439,19426,19390,17087895,38.7,841,611,5561,11634,"bag2",1.89,"arachnida_odb10",6.8,6.6,0.2,5.6,87.6,2934,"Oribatida"
"294","MI_51","b0","Nematoda","Nematoda","Acrobeloides nanus",290746,133.45,150,150,50,150,8308361,1108735209,69279,16507,109935003,39.82,1986,1191,16870,34763,"bag2",0.359999999999999,"nematoda_odb10",18,17.5,0.5,2.8,79.2,3131,"Nematoda"
"295","MI_52","b0","Nematoda","Nematoda","Acrobeloides nanus",290746,138.24,150,150,50,150,8070669,1115706532,58978,16957,58241676,36.7,1043,742,18354,34904,"bag2",2.66,"nematoda_odb10",6.6,6.5,0.1,5.9,87.5,3131,"Nematoda"
"296","MI_53","b0","Nematoda","Nematoda","Acrobeloides nanus",290746,136.7,150,150,50,150,8686856,1187512240,66404,17155,63595833,36.87,1007,711,20617,39445,"bag2",1.84999999999999,"nematoda_odb10",7.6,7.4,0.2,6.2,86.2,3131,"Nematoda"
"297","MI_54","b0","Nematoda","Nematoda","Acrobeloides nanus",290746,132.61,150,150,50,150,12143108,1610267443,78182,19728,106408470,36.25,1588,1019,20927,41984,"bag2",0.25,"nematoda_odb10",22.1,21.6,0.5,9.4,68.5,3131,"Nematoda"
"298","MI_55","b0","Arthropoda","Collembola","Folsomia penicula",266765,122.28,150,137,50,150,9851738,1204675005,6769,15175,4200560,43.12,584,533,2842,4731,"bag2",5.3,"arthropoda_odb10",0.1,0.1,0,1,98.9,1013,"Collembola"
"299","MI_56","b0","Arthropoda","Collembola","Folsomia penicula",266765,128.92,150,150,50,150,13472687,1736887289,55023,53997,125546130,39.47,3381,1808,10813,23479,"bag2",0.340000000000003,"arthropoda_odb10",67.7,67.5,0.2,17.4,14.9,1013,"Collembola"
"300","MI_57","b0","Arthropoda","Acari","Acrotritia duplicata",1979925,132.43,150,150,50,150,15014672,1988417748,85773,29674,91292971,32.96,1148,766,24021,48504,"bag2",1.62,"arachnida_odb10",36.7,36.2,0.5,13.2,50.1,2934,"Oribatida"
"301","MI_58","b0","Arthropoda","Acari","Acrotritia duplicata",1979925,129.34,150,150,50,150,14260326,1844379150,74001,20991,73459831,32.77,1039,719,21734,43096,"bag2",1.87,"arachnida_odb10",26.6,26.3,0.3,13.2,60.2,2934,"Oribatida"
"302","P2_1","b3_b5","Arthropoda","Collembola","Isotoma viridis",187635,NA,NA,NA,NA,NA,NA,NA,75300,49800,198871241,32.43,4407,2022,12139,28948,"bag2",0.5,"arthropoda_odb10",67.5,67.1,0.4,17.3,15.2,1013,"Collembola"
"303","P3_1","b3_b5","Arthropoda","Collembola","Isotoma viridis",187635,NA,NA,NA,NA,NA,NA,NA,74833,65815,217712265,32.31,5775,2434,10017,24427,"bag2",9.04000000000001,"arthropoda_odb10",78,77,1,11,11,1013,"Collembola"
"304","P2_2","b3_b5","Arthropoda","Collembola","Lepidocyrtus violaceus",707891,NA,NA,NA,NA,NA,NA,NA,51792,49631,202770814,37.97,6505,3416,9242,19942,"bag2",0.5,"arthropoda_odb10",85.3,84.5,0.8,7.5,7.2,1013,"Collembola"
"305","P1_1","b3_b5","Arthropoda","Acari","Liebstadia similis",1250587,NA,NA,NA,NA,NA,NA,NA,20690,72864,90126144,35.21,7748,3784,3276,7419,"bag2",NA,"arachnida_odb10",90.1,88.5,1.6,2.7,7.2,2934,"Oribatida"
"306","P2_3","b3_b5","Arthropoda","Acari","Scheloribates laevigatus",1979936,NA,NA,NA,NA,NA,NA,NA,23284,123414,98594451,39.68,9695,3610,2528,6756,"bag2",1.40000000000001,"arachnida_odb10",88.9,86.9,2,1.4,9.7,2934,"Oribatida"
"307","P2_4","b3_b5","Arthropoda","Acari","Achipteria coleoptrata",229769,NA,NA,NA,NA,NA,NA,NA,44640,53908,127124770,29.17,4823,2214,6818,16626,"bag2",3.20999999999999,"arachnida_odb10",91,89.3,1.7,1.8,7.2,2934,"Oribatida"
"308","P2_5","b3_b5","Arthropoda","Acari","Platinothrus peltifer",128015,NA,NA,NA,NA,NA,NA,NA,86063,25068,96419321,31.87,1250,782,22144,46755,"bag2",2.14,"arachnida_odb10",20.4,19.9,0.5,12.5,67.1,2934,"Acari"
"309","P2_6","b3_b5","Nematoda","Nematoda","Rhabditidae spec.",6243,NA,NA,NA,NA,NA,NA,NA,35217,74709,160337222,36.48,8780,4153,5091,11714,"bag2",0.340000000000003,"nematoda_odb10",79.6,78.3,1.3,5.2,15.2,3131,"Nematoda"
"310","P3_2","b3_b5","Nematoda","Nematoda","Rhabditidae spec.",6243,NA,NA,NA,NA,NA,NA,NA,31209,144660,164152979,36.46,11760,5025,3777,9081,"bag2",0.400000000000006,"nematoda_odb10",84,82.1,1.9,3.9,12.1,3131,"Nematoda"
"311","P2_7","b3_b5","Nematoda","Nematoda","Aphelenchus sp.",70225,NA,NA,NA,NA,NA,NA,NA,62058,90511,192263375,49.71,4909,2399,10268,24304,"bag2",0.170000000000002,"nematoda_odb10",72.1,69.3,2.8,3.8,24.1,3131,"Nematoda"
"312","P1_2","b3_b5","Arthropoda","Acari","Achipteria nitens",229768,NA,NA,NA,NA,NA,NA,NA,36629,43937,100618427,29.31,4123,2131,6811,15289,"bag2",5.04000000000001,"arachnida_odb10",92.4,91,1.4,1.8,5.8,2934,"Oribatida"
"313","P1_3","b3_b5","Arthropoda","Oribatida","Conchogneta dalecarlica",NA,NA,NA,NA,NA,NA,NA,NA,52287,20264,56471865,33.03,1182,781,14694,29444,"bag2",17.08,"arachnida_odb10",50,49,1,13.7,36.3,2934,"Oribatida"
"314","P1_4","b3_b5","Arthropoda","Acari","Fuscozetes fuscipes",1686651,NA,NA,NA,NA,NA,NA,NA,27734,437264,110055134,32.78,8576,3633,3315,8235,"bag2",2.39,"arachnida_odb10",93,90.3,2.7,1.4,5.6,2934,"Oribatida"
"315","P1_5","b3_b5","Arthropoda","Acari","Eniochthonius minutissimus",229763,NA,NA,NA,NA,NA,NA,NA,4772,8412,3400999,49.06,682,574,1813,3179,"bag2",40.4,"arachnida_odb10",0.1,0.1,0,0.1,99.8,2934,"Acari"
"316","P1_6","b3_b5","Arthropoda","Acari","Euzetes globulus",334610,NA,NA,NA,NA,NA,NA,NA,58128,59910,77644832,34.12,1576,943,13712,29795,"bag2",7.59,"arachnida_odb10",70.1,69.1,1,8.6,21.3,2934,"Oribatida"
"317","P1_7","b3_b5","Arthropoda","Acari","Galumna lanceata",229834,NA,NA,NA,NA,NA,NA,NA,47853,51023,126220950,28.2,4321,2029,7731,18454,"bag2",8.62,"arachnida_odb10",91.8,90.8,1,2.1,6.1,2934,"Oribatida"
"318","P1_8","b3_b5","Arthropoda","Acari","Gustavia microcephala",1685391,NA,NA,NA,NA,NA,NA,NA,73414,26614,113810809,29.33,1913,1145,17473,36843,"bag2",4.09999999999999,"arachnida_odb10",78.1,76.9,1.2,6.1,15.8,2934,"Oribatida"
"319","P1_9","b3_b5","Arthropoda","Acari","Malaconothrus monodactylus",1797415,NA,NA,NA,NA,NA,NA,NA,1897,5650,1286024,49.82,635,556,741,1287,"bag2",16.75,"arachnida_odb10",0,0,0,0,100,2934,"Oribatida"
"320","P1_10","b3_b5","Arthropoda","Acari","Minunthozetes semirufus",1979919,NA,NA,NA,NA,NA,NA,NA,15871,103626,85109683,32.03,13618,6098,1770,4061,"bag2",NA,"arachnida_odb10",90.8,89.3,1.5,1.4,7.8,2934,"Oribatida"
"321","P2_8","b3_b5","Arthropoda","Acari","Nanhermannia comitalis",1979898,NA,NA,NA,NA,NA,NA,NA,80501,46679,182477276,28.45,3314,1723,15648,34749,"bag2",1.45999999999999,"arachnida_odb10",82.1,80.3,1.8,6.7,11.2,2934,"Oribatida"
"322","P1_11","b3_b5","Arthropoda","Acari","Nothrus palustris",198293,NA,NA,NA,NA,NA,NA,NA,78074,32244,156105908,28.8,2753,1486,16149,35516,"bag2",NA,"arachnida_odb10",85.9,84.6,1.3,4.7,9.4,2934,"Acari"
"323","P1_12","b3_b5","Arthropoda","Acari","Dissorhina ornata",2202870,NA,NA,NA,NA,NA,NA,NA,45189,63625,122524533,27.2,4600,2182,7138,16861,"bag2",NA,"arachnida_odb10",88.8,87.2,1.6,2.9,8.3,2934,"Oribatida"
"324","P1_13","b3_b5","Arthropoda","Acari","Oribatella quadricornuta",198298,NA,NA,NA,NA,NA,NA,NA,56159,106288,120134531,33.04,3436,1564,8503,21629,"bag2",6.43000000000001,"arachnida_odb10",86.8,85.9,0.9,3.8,9.4,2934,"Oribatida"
"325","P1_14","b3_b5","Arthropoda","Acari","Eupelops occultus",2234141,NA,NA,NA,NA,NA,NA,NA,46886,57682,105149395,31.5,4045,1715,6353,16450,"bag2",2.2,"arachnida_odb10",88.9,87.6,1.3,3.3,7.8,2934,"Oribatida"
"326","P1_15","b3_b5","Arthropoda","Acari","Quadroppia maritalis",1250640,NA,NA,NA,NA,NA,NA,NA,10453,197961,73591724,32.14,19133,7334,983,2525,"bag2",5.92,"arachnida_odb10",90.6,88.9,1.7,1.1,8.3,2934,"Oribatida"
"327","P1_16","b3_b5","Arthropoda","Acari","Liebstadia similis",1250587,NA,NA,NA,NA,NA,NA,NA,23662,79082,81867180,35.55,5828,2874,4030,9028,"bag2",18.94,"arachnida_odb10",91.4,90.1,1.3,1.5,7.1,2934,"Oribatida"
"328","P1_17","b3_b5","Arthropoda","Acari","Tectocepheus sarekensis",198303,NA,NA,NA,NA,NA,NA,NA,52883,13231,54120335,33.4,1104,757,15941,30816,"bag2",3.59999999999999,"arachnida_odb10",44.5,43.9,0.6,15.7,39.8,2934,"Oribatida"
"329","P1_18","b3_b5","Arthropoda","Acari","Pantelozetes paolii",1979943,NA,NA,NA,NA,NA,NA,NA,13773,282901,86254419,30.46,18229,6429,1162,3139,"bag2",2.43000000000001,"arachnida_odb10",91.5,90,1.5,0.9,7.6,2934,"Oribatida"
"330","P1_19","b3_b5","Arthropoda","Myriapoda","Glomeris hexasticha",1392624,NA,NA,NA,NA,NA,NA,NA,45812,21617,42821307,45.49,932,645,12725,26765,"bag2",8.73,"arthropoda_odb10",3.5,3.5,0,12.3,84.2,1013,"Myriapoda"
"331","P2_9","b3_b5","Arthropoda","Myriapoda","Geophilus flavus",856749,NA,NA,NA,NA,NA,NA,NA,135070,31223,155570626,35.58,1283,844,37333,74903,"bag2",0.739999999999995,"arthropoda_odb10",31.6,31.4,0.2,38.6,29.8,1013,"Myriapoda"
"332","P3_3","b3_b5","Arthropoda","Myriapoda","Geophilus flavus",856749,NA,NA,NA,NA,NA,NA,NA,62842,141866,193592670,35.4,5835,2406,8026,21156,"bag2",0.430000000000007,"arthropoda_odb10",76.9,76.1,0.8,13.9,9.2,1013,"Myriapoda"
"333","P2_10","b3_b5","Arthropoda","Myriapoda","Cylindroiulus caeruleocinctus",438504,NA,NA,NA,NA,NA,NA,NA,22234,19910,17398169,42.92,686,567,6993,14029,"bag2",0.680000000000007,"arthropoda_odb10",1.2,1.2,0,6.4,92.4,1013,"Myriapoda"
"334","P3_4","b3_b5","Arthropoda","Myriapoda","Cylindroiulus caeruleocinctus",438504,NA,NA,NA,NA,NA,NA,NA,5486,13148,6051014,38.38,1195,765,1411,3003,"bag2",0.640000000000001,"arthropoda_odb10",0.2,0.2,0,0.4,99.4,1013,"Myriapoda"
"335","P1_20","b3_b5","Arthropoda","Myriapoda","Megaphyllum projectum",1008820,NA,NA,NA,NA,NA,NA,NA,124633,26186,120772880,40.48,990,694,36326,72955,"bag2",0.930000000000007,"arthropoda_odb10",5.7,5.7,0,17.1,77.2,1013,"Myriapoda"
"336","P2_11","b3_b5","Arthropoda","Myriapoda","Schendyla nemorensis",1147033,NA,NA,NA,NA,NA,NA,NA,200900,24089,181198280,37.14,927,678,65364,122752,"bag2",2.87,"arthropoda_odb10",9.1,8.8,0.3,31.1,59.8,1013,"Myriapoda"
"337","P3_5","b3_b5","Arthropoda","Myriapoda","Schendyla nemorensis",1147033,NA,NA,NA,NA,NA,NA,NA,117526,24403,176188876,36.24,1896,1051,25556,57289,"bag2",0.430000000000007,"arthropoda_odb10",18.3,18,0.3,33.3,48.4,1013,"Myriapoda"
"338","P2_12","b3_b5","Arthropoda","Myriapoda","Leptoiulus proximus",1008861,NA,NA,NA,NA,NA,NA,NA,166149,20635,191768128,37.43,1280,860,47350,93268,"bag2",0.939999999999998,"arthropoda_odb10",19.6,19.5,0.1,30.4,50,1013,"Myriapoda"
"339","P3_6","b3_b5","Arthropoda","Myriapoda","Leptoiulus proximus",1008861,NA,NA,NA,NA,NA,NA,NA,227034,26047,254548461,37.57,1219,784,58162,123914,"bag2",1.48,"arthropoda_odb10",9.5,9.3,0.2,31.9,58.6,1013,"Myriapoda"
"340","P2_13","b3_b5","Arthropoda","Myriapoda","Strongylosoma stigmatosum",1392627,NA,NA,NA,NA,NA,NA,NA,95222,27001,137468815,30.62,1713,1082,24923,50237,"bag2",0.849999999999994,"arthropoda_odb10",35.7,35.6,0.1,35.9,28.4,1013,"Myriapoda"
"341","P3_7","b3_b5","Arthropoda","Myriapoda","Strongylosoma stigmatosum",1392627,NA,NA,NA,NA,NA,NA,NA,14713,15267,11163455,31.05,712,581,5136,9512,"bag2",0.319999999999993,"arthropoda_odb10",0.1,0.1,0,0,99.9,1013,"Myriapoda"
"342","P1_21","b3_b5","Arthropoda","Myriapoda","Polyxenus lagurus",52428,NA,NA,NA,NA,NA,NA,NA,50661,27476,53594824,43.62,1159,666,11190,26949,"bag2",1.67,"arthropoda_odb10",0.6,0.6,0,2.1,97.3,1013,"Myriapoda"
"343","P1_22","b3_b5","Arthropoda","Myriapoda","Polyzonium germanicum",118488,NA,NA,NA,NA,NA,NA,NA,46309,98439,145312663,40.72,5307,2585,7121,16982,"bag2",0.930000000000007,"arthropoda_odb10",80.4,80.1,0.3,9.4,10.2,1013,"Myriapoda"
"344","P1_23","b3_b5","Arthropoda","Myriapoda","Lithobius mutabilis",1255756,NA,NA,NA,NA,NA,NA,NA,4,1162,3063,61.48,657,632,2,3,"bag2",29.98,NA,NA,NA,NA,NA,NA,NA,"Myriapoda"
"345","P2_14","b3_b5","Arthropoda","Myriapoda","Unciger foetidus",1008870,NA,NA,NA,NA,NA,NA,NA,30504,20627,24240184,41.66,714,575,9589,19147,"bag2",1.20999999999999,"arthropoda_odb10",0.6,0.6,0,3.7,95.7,1013,"Myriapoda"
"346","P1_24","b3_b5","Arthropoda","Collembola","Ceratophysella denticulata",928250,NA,NA,NA,NA,NA,NA,NA,56560,71175,184963726,39.98,6743,2883,7050,17611,"bag2",15.53,"arthropoda_odb10",78.3,77,1.3,11.6,10.1,1013,"Collembola"
"347","P2_15","b3_b5","Arthropoda","Collembola","Heteromurus nitidus",254095,NA,NA,NA,NA,NA,NA,NA,36243,303373,211418206,38.54,18662,6056,2339,7437,"bag2",0.459999999999994,"arthropoda_odb10",90.9,90.2,0.7,3.2,5.9,1013,"Collembola"
"348","P1_25","b3_b5","Arthropoda","Collembola","Isotomiella minor",370032,NA,NA,NA,NA,NA,NA,NA,35974,79999,137611220,40.86,8266,3279,4223,10906,"bag2",6.7,"arthropoda_odb10",91.8,90.9,0.9,3.2,5,1013,"Collembola"
"349","P1_26","b3_b5","Arthropoda","Collembola","Isotomurus plumosus",1410395,NA,NA,NA,NA,NA,NA,NA,66104,83885,109364214,38.41,2091,1206,14660,31943,"bag2",10.95,"arthropoda_odb10",59.3,59,0.3,21.8,18.9,1013,"Collembola"
"350","P2_16","b3_b5","Arthropoda","Collembola","Isotomurus unifasciatus",48718,NA,NA,NA,NA,NA,NA,NA,90265,18371,126119791,38.91,1695,1031,22901,46802,"bag2",3.04000000000001,"arthropoda_odb10",38.5,38.4,0.1,32.6,28.9,1013,"Collembola"
"351","P1_27","b3_b5","Arthropoda","Collembola","Mesaphorura macrochaeta",2651973,NA,NA,NA,NA,NA,NA,NA,301,4086,204830,56.06,630,550,116,204,"bag2",17.05,NA,NA,NA,NA,NA,NA,NA,"Collembola"
"352","P1_28","b3_b5","Arthropoda","Collembola","Parisotoma notabilis",187682,NA,NA,NA,NA,NA,NA,NA,107411,47248,182710377,44.06,2356,1210,20828,48096,"bag2",1.08,"arthropoda_odb10",60.8,57.3,3.5,22,17.2,1013,"Collembola"
"353","P2_17","b3_b5","Arthropoda","Collembola","Proisotoma minuta",301521,NA,NA,NA,NA,NA,NA,NA,19548,188917,116726678,34.56,16170,5510,1731,4854,"bag2",0.510000000000005,"arthropoda_odb10",92.1,91.1,1,2.1,5.8,1013,"Collembola"
"354","P2_18","b3_b5","Arthropoda","Collembola","Protaphorura fimata",1519113,NA,NA,NA,NA,NA,NA,NA,92269,30218,93173859,36.42,1068,744,27720,53973,"bag2",0.280000000000001,"arthropoda_odb10",10.8,10.8,0,30.7,58.5,1013,"Collembola"
"355","P2_19","b3_b5","Arthropoda","Collembola","Protaphorura tricampata",187683,NA,NA,NA,NA,NA,NA,NA,84522,116667,225014258,36.76,4323,1978,12679,32201,"bag2",21.87,"arthropoda_odb10",76.1,75.5,0.6,13,10.9,1013,"Collembola"
"356","P3_8","b3_b5","Arthropoda","Collembola","Protaphorura tricampata",187683,NA,NA,NA,NA,NA,NA,NA,142174,32363,246139756,36.76,2377,1231,27563,63885,"bag2",36.62,"arthropoda_odb10",59.4,58.8,0.6,23.2,17.4,1013,"Collembola"
"357","P2_20","b3_b5","Arthropoda","Collembola","Sinella curviseta",187695,NA,NA,NA,NA,NA,NA,NA,215388,32228,231200925,36.76,1166,799,64064,124159,"bag2",0.489999999999995,"arthropoda_odb10",21.1,21,0.1,41.2,37.7,1013,"Collembola"
"358","P2_21","b3_b5","Arthropoda","Collembola","Tetrodontophora bielanensis",48717,NA,NA,NA,NA,NA,NA,NA,153034,39849,159168272,32.22,1081,735,41929,86870,"bag2",2.19,"arthropoda_odb10",3.7,3.7,0,13.1,83.2,1013,"Collembola"
"359","P2_22","b3_b5","Arthropoda","Collembola","Thalassaphorura encarpata",2583954,NA,NA,NA,NA,NA,NA,NA,61373,144612,211630476,36.74,7117,2656,6700,19185,"bag2",0.280000000000001,"arthropoda_odb10",88.6,87.2,1.4,5.1,6.3,1013,"Collembola"
"360","P2_23","b3_b5","Arthropoda","Collembola","Tomocerus minor",187706,NA,NA,NA,NA,NA,NA,NA,95944,71518,202725402,35.08,3692,1409,12130,35436,"bag2",0.290000000000006,"arthropoda_odb10",64.9,64.4,0.5,19.5,15.6,1013,"Collembola"
"361","P1_29","b3_b5","Arthropoda","Acari","Carabodes femoralis",229793,NA,NA,NA,NA,NA,NA,NA,68070,57219,102286621,29.76,1868,1072,15204,33518,"bag2",5.05,"arachnida_odb10",84.4,83.4,1,4.6,11,2934,"Oribatida"
"362","P1_30","b3_b5","Arthropoda","Acari","Hermanniella dolosa",2664692,NA,NA,NA,NA,NA,NA,NA,44628,17148,44323014,34.35,1048,706,12754,25712,"bag2",5.06999999999999,"arachnida_odb10",33.3,33,0.3,12.6,54.1,2934,"Oribatida"
"363","P1_31","b3_b5","Arthropoda","Acari","Acrogalumna longipluma",708378,NA,NA,NA,NA,NA,NA,NA,23221,18749,23012379,33.1,1021,679,6212,13215,"bag2",16.35,"arachnida_odb10",8,7.9,0.1,6.1,85.9,2934,"Oribatida"
"364","P1_32","b3_b5","Arthropoda","Acari","Ceratozetes gracilis",1686620,NA,NA,NA,NA,NA,NA,NA,37549,121104,121464769,32.48,5431,2493,5667,14040,"bag2",5.48,"arachnida_odb10",91.6,90.1,1.5,1.7,6.7,2934,"Oribatida"
"365","P2_24","b3_b5","Annelida","Enchytraeidae","Enchytraeus bulbosus",913643,NA,NA,NA,NA,NA,NA,NA,203341,15400,146145560,37.12,694,579,77276,135215,"bag2",3.11,"metazoa_odb10",0.2,0.2,0,2.3,97.5,954,"Enchytraeidae"
"366","P3_9","b3_b5","Annelida","Enchytraeidae","Enchytraeus bulbosus",913643,NA,NA,NA,NA,NA,NA,NA,106794,22628,105143682,38.28,1027,700,30540,61763,"bag2",2.52,"metazoa_odb10",0.6,0.6,0,3.9,95.5,954,"Enchytraeidae"
"367","P2_25","b3_b5","Annelida","Enchytraeidae","Enchytraeus luxuriosus",913679,NA,NA,NA,NA,NA,NA,NA,255357,23615,221774921,37.79,876,654,84064,157723,"bag2",1.40000000000001,"metazoa_odb10",1.1,1,0.1,3.7,95.2,954,"Enchytraeidae"
"368","P3_10","b3_b5","Annelida","Enchytraeidae","Enchytraeus luxuriosus",913679,NA,NA,NA,NA,NA,NA,NA,261141,21901,303976523,37.73,1298,843,69544,142796,"bag2",1.47,"metazoa_odb10",0.8,0.8,0,5.1,94.1,954,"Enchytraeidae"
"369","P2_26","b3_b5","Annelida","Enchytraeidae","Enchytraeus albidus",6390,NA,NA,NA,NA,NA,NA,NA,163977,15937,136905756,36.32,842,642,56342,103170,"bag2",3.70999999999999,"metazoa_odb10",0.7,0.7,0,5.7,93.6,954,"Enchytraeidae"
"370","P3_11","b3_b5","Annelida","Enchytraeidae","Enchytraeus albidus",6390,NA,NA,NA,NA,NA,NA,NA,155,1756,123847,40.8,840,604,54,99,"bag2",1.16,NA,NA,NA,NA,NA,NA,NA,"Enchytraeidae"
"371","P2_27","b3_b5","Annelida","Enchytraeidae","Enchytraeus albidus",6390,NA,NA,NA,NA,NA,NA,NA,112058,19198,88349192,36.43,771,610,39491,71848,"bag2",3.75,"metazoa_odb10",0.3,0.3,0,1.2,98.5,954,"Enchytraeidae"
"372","P3_12","b3_b5","Annelida","Enchytraeidae","Enchytraeus albidus",6390,NA,NA,NA,NA,NA,NA,NA,282728,18222,355848184,36.42,1424,930,75179,153259,"bag2",4.02,"metazoa_odb10",6.2,6,0.2,25.6,68.2,954,"Enchytraeidae"
"373","P2_28","b3_b5","Annelida","Enchytraeidae","Enchytraeus albidus",6390,NA,NA,NA,NA,NA,NA,NA,151890,17725,117400203,36.1,755,604,54525,98204,"bag2",3.63,"metazoa_odb10",0.3,0.3,0,1.9,97.8,954,"Enchytraeidae"
"374","P3_13","b3_b5","Annelida","Enchytraeidae","Enchytraeus albidus",6390,NA,NA,NA,NA,NA,NA,NA,217185,19466,243326035,36.27,1221,831,60997,121816,"bag2",4.40000000000001,"metazoa_odb10",1.7,1.6,0.1,8.4,89.9,954,"Enchytraeidae"
"375","P2_29","b3_b5","Annelida","Enchytraeidae","Enchytraeus albidus",6390,NA,NA,NA,NA,NA,NA,NA,176829,17399,140352900,36.06,786,618,62669,113309,"bag2",3.34,"metazoa_odb10",0.8,0.8,0,6.3,92.9,954,"Enchytraeidae"
"376","P3_14","b3_b5","Annelida","Enchytraeidae","Enchytraeus albidus",6390,NA,NA,NA,NA,NA,NA,NA,1,622,622,53.86,622,622,1,1,"bag2",4.43000000000001,NA,NA,NA,NA,NA,NA,NA,"Enchytraeidae"
"377","P4_1","b3_b5","Arthropoda","Oribatida","Conchogneta dalecarlica",NA,NA,NA,NA,NA,NA,NA,NA,49758,48340,92434430,30.07,2550,1342,9787,22424,"bag2",10,"arachnida_odb10",89.7,88.3,1.4,3,7.3,2934,"Oribatida"
"378","P4_2","b3_b5","Arthropoda","Acari","Eniochthonius minutissimus",229763,NA,NA,NA,NA,NA,NA,NA,901,12846,662118,50.97,686,571,323,590,"bag2",39.8,"arachnida_odb10",0,0,0,0,100,2934,"Acari"
"379","P4_3","b3_b5","Arthropoda","Acari","Euzetes globulus",334610,NA,NA,NA,NA,NA,NA,NA,30866,98675,128642992,32.08,8019,3270,3959,10298,"bag2",16.63,"arachnida_odb10",92.1,90.7,1.4,1.3,6.6,2934,"Oribatida"
"380","P4_4","b3_b5","Arthropoda","Acari","Galumna lanceata",229834,NA,NA,NA,NA,NA,NA,NA,62755,70115,165258384,27.56,4763,2008,8443,22034,"bag2",4.73999999999999,"arachnida_odb10",91.2,89.8,1.4,2.1,6.7,2934,"Oribatida"
"381","P4_5","b3_b5","Arthropoda","Acari","Malaconothrus monodactylus",1797415,NA,NA,NA,NA,NA,NA,NA,55821,79260,126174002,28.57,4501,1592,6472,18585,"bag2",3.87,"arachnida_odb10",89.5,88.4,1.1,3.2,7.3,2934,"Oribatida"
"382","P4_6","b3_b5","Arthropoda","Acari","Minunthozetes semirufus",1979919,NA,NA,NA,NA,NA,NA,NA,27152,16290,23278273,37.13,854,635,8799,16769,"bag2",28.87,"arachnida_odb10",36.6,36.1,0.5,11.8,51.6,2934,"Oribatida"
"383","P4_7","b3_b5","Arthropoda","Acari","Dissorhina ornata",2202870,NA,NA,NA,NA,NA,NA,NA,54867,92040,131031899,26.59,3970,1842,8165,20434,"bag2",13.17,"arachnida_odb10",86.2,84.9,1.3,4.1,9.7,2934,"Oribatida"
"384","P4_8","b3_b5","Arthropoda","Acari","Eupelops occultus",2234141,NA,NA,NA,NA,NA,NA,NA,57222,67028,104571370,30.95,2803,1262,9014,23156,"bag2",2.64,"arachnida_odb10",87.5,86.8,0.7,3.5,9,2934,"Oribatida"
"385","P4_9","b3_b5","Arthropoda","Acari","Quadroppia maritalis",1250640,NA,NA,NA,NA,NA,NA,NA,14205,197967,78017758,32.06,15393,5706,1221,3313,"bag2",10.87,"arachnida_odb10",90.3,88.7,1.6,1.3,8.4,2934,"Oribatida"
"386","P4_10","b3_b5","Arthropoda","Acari","Liebstadia similis",1250587,NA,NA,NA,NA,NA,NA,NA,25818,14882,21893836,39.28,824,623,8242,15960,"bag2",7.84,"arachnida_odb10",21.6,21.3,0.3,11.9,66.5,2934,"Oribatida"
"387","P4_11","b3_b5","Arthropoda","Acari","Tectocepheus sarekensis",198303,NA,NA,NA,NA,NA,NA,NA,357,3286,262414,53.05,684,560,125,233,"bag2",43.16,"arachnida_odb10",0,0,0,0,100,2934,"Oribatida"
"388","P4_12","b3_b5","Arthropoda","Myriapoda","Lithobius mutabilis",1255756,NA,NA,NA,NA,NA,NA,NA,236754,54052,225161132,42.27,956,671,67677,138399,"bag2",0.930000000000007,"arthropoda_odb10",4.2,4.1,0.1,8.1,87.7,1013,"Myriapoda"
"389","P4_13","b3_b5","Arthropoda","Collembola","Ceratophysella denticulata",928250,NA,NA,NA,NA,NA,NA,NA,89135,91750,207418685,39.06,4354,1688,10411,30120,"bag2",0.590000000000003,"arthropoda_odb10",71.1,69.9,1.2,17.8,11.1,1013,"Collembola"
"390","P4_14","b3_b5","Arthropoda","Collembola","Isotomiella minor",370032,NA,NA,NA,NA,NA,NA,NA,74315,208804,155004536,36.3,3360,1532,11136,28336,"bag2",1.79000000000001,"arthropoda_odb10",81.4,80.6,0.8,10,8.6,1013,"Collembola"
"391","P4_15","b3_b5","Arthropoda","Collembola","Mesaphorura macrochaeta",2651973,NA,NA,NA,NA,NA,NA,NA,1604,10461,1222518,47.12,710,576,551,1034,"bag2",40.67,NA,NA,NA,NA,NA,NA,NA,"Collembola"
"392","P4_16","b3_b5","Arthropoda","Collembola","Parisotoma notabilis",187682,NA,NA,NA,NA,NA,NA,NA,124024,40847,180669585,34.05,1860,1007,25653,58969,"bag2",1.09,"arthropoda_odb10",47.1,44.4,2.7,32.1,20.8,1013,"Collembola"
"393","P4_17","b3_b5","Arthropoda","Acari","Carabodes femoralis",229793,NA,NA,NA,NA,NA,NA,NA,65420,31778,69256325,31.76,1137,740,17517,36561,"bag2",6.92,"arachnida_odb10",56,55.2,0.8,11.8,32.2,2934,"Oribatida"
"394","P4_18","b3_b5","Arthropoda","Acari","Ceratozetes gracilis",1686620,NA,NA,NA,NA,NA,NA,NA,56879,46805,92657962,33.44,2087,1151,11848,27007,"bag2",5.54000000000001,"arachnida_odb10",84.5,83.3,1.2,4.8,10.7,2934,"Oribatida"
"395","P4_19","b3_b5","Arthropoda","Collembola","Neelus murinus",1348065,NA,NA,NA,NA,NA,NA,NA,568,3018,384606,53.74,636,556,224,386,"bag2",49.86,"arthropoda_odb10",0,0,0,0,100,1013,"Collembola"
"396","P4_20","b3_b5","Arthropoda","Collembola","Sminthurinus elegans",1190784,NA,NA,NA,NA,NA,NA,NA,223680,103258,363340845,33.37,2216,1140,42801,100367,"bag2",0.640000000000001,"arthropoda_odb10",63.6,63.3,0.3,22.6,13.8,1013,"Collembola"
"397","P4_21","b3_b5","Arthropoda","Collembola","Disparrhopalites patrizii",NA,NA,NA,NA,NA,NA,NA,NA,48504,224531,300342530,37.5,15657,6578,4915,12285,"bag2",1.61,"arthropoda_odb10",90.9,88.9,2,3.2,5.9,1013,"Collembola"
"398","P4_22","b3_b5","Arthropoda","Collembola","Sminthurinus bimaculatus",187699,NA,NA,NA,NA,NA,NA,NA,130710,121534,351161845,33.6,7950,2391,10708,30591,"bag2",1.01000000000001,"arthropoda_odb10",85.5,83.7,1.8,6.4,8.1,1013,"Collembola"
"399","P4_23","b3_b5","Arthropoda","Collembola","Megalothorax minimus",438500,NA,NA,NA,NA,NA,NA,NA,119,2761,80505,48.95,616,541,46,81,"bag2",71.77,"arthropoda_odb10",0,0,0,0,100,1013,"Collembola"
"400","a3_1","b11","Arthropoda","Tardigrada","Paramacrobiotus richtersi",697321,146.48,150,150,50,150,87342988,12794194005,197710,29404,268004252,42.79,1663,984,49004,101511,"bag2",0.450000000000003,NA,NA,NA,NA,NA,NA,NA,"Tardigrada"
"401","a3_2","b11","Arthropoda","Tardigrada","Paramacrobiotus richtersi",697321,146.77,150,150,50,150,78819085,11568443581,205427,22308,242656155,43.38,1361,837,53383,110763,"bag2",0.629999999999995,NA,NA,NA,NA,NA,NA,NA,"Tardigrada"
"402","a3_3","b11","Arthropoda","Tardigrada","Paramacrobiotus richtersi",697321,146.04,150,150,50,150,85632034,12505946350,135572,112446,344537663,43.12,5411,1990,15411,41866,"bag2",0.299999999999997,NA,NA,NA,NA,NA,NA,NA,"Tardigrada"
"403","a3_4","b11","Arthropoda","Tardigrada","Paramacrobiotus richtersi",697321,146.22,150,150,50,150,78326641,11452974856,176448,34950,306617766,42.54,2436,1268,35615,79416,"bag2",2.3,NA,NA,NA,NA,NA,NA,NA,"Tardigrada"
"404","a3_5","b11","Arthropoda","Tardigrada","Paramacrobiotus richtersi",697321,146.12,150,150,50,150,81780470,11950162324,126815,158094,328674564,42.76,5100,2062,16075,41636,"bag2",0.239999999999995,NA,NA,NA,NA,NA,NA,NA,"Tardigrada"
"405","a3_8","b11","Arthropoda","Collembola","Sphaeridia pumilis",212016,147,150,150,50,150,88378376,12991343970,45596,205313,224082623,41.73,12710,4625,4280,11625,"bag2",0.310000000000002,"arthropoda_odb10",94.2,30.5,63.7,2.3,3.5,1013,"Collembola"
"406","a3_9","b11","Nematoda","Nematoda","Panagrolaimus detritophagus",310956,146.21,150,150,50,150,76904200,11244155305,66468,93760,132026485,28.5,3184,1451,10624,26115,"bag2",0.019999999999996,"nematoda_odb10",53.5,50.5,3,6.3,40.2,3131,"Nematoda"
"407","a3_10","b11","Nematoda","Nematoda","Cuticularia oxycerca",55803,147.02,150,150,50,150,75348976,11077633148,43929,232549,161576369,47.94,9917,3551,3836,10665,"bag2",0.0400000000000063,"nematoda_odb10",79.9,75.6,4.3,2.8,17.3,3131,"Nematoda"
"408","a3_11","b11","Arthropoda","Collembola","Folsomia fimetaria",1387114,146.34,150,150,50,150,96225899,14082068974,72726,254779,157463041,36.22,3540,1523,9112,26429,"bag2",0.170000000000002,"arthropoda_odb10",77.9,77.1,0.8,11.1,11,1013,"Collembola"
"409","a3_12","b11","Arthropoda","Collembola","Folsomia fimetaria",1387114,146.36,150,150,50,150,80046414,11715711034,70497,238672,154536044,36.24,3645,1520,8015,24888,"bag2",0.150000000000006,"arthropoda_odb10",78.4,77.5,0.9,12.5,9.1,1013,"Collembola"
"410","a3_15","b11","Arthropoda","Collembola","Deuterosminthurus bicinctus",2041938,147.77,150,150,50,150,83950245,12405510103,64234,451171,214447873,40.74,8459,2682,4172,15855,"bag2",0.329999999999998,"arthropoda_odb10",74.4,72.7,1.7,14,11.6,1013,"Collembola"
"411","a3_16","b11","Arthropoda","Collembola","Deuterosminthurus bicinctus f. flava",2041938,147.58,150,150,50,150,80168442,11831405725,76456,320657,217941372,40.71,5979,2226,7733,22910,"bag2",0.200000000000003,"arthropoda_odb10",72.6,71,1.6,14.2,13.2,1013,"Collembola"
"412","a3_18","b11","Arthropoda","Acari","Chamobates voigtsi",198262,147.18,150,150,50,150,88448549,13018039428,52459,22206,94480331,31.39,2443,1366,11674,24610,"bag2",23.25,"arachnida_odb10",76.6,75.8,0.8,8.5,14.9,2934,"Oribatida"
