"","total_reads","n_contigs","assembly_length","N50","human_reads","Busco_M","Busco_C","Busco_F","Busco_CF"
"Collembola",6765181,94184,80799012,861,0.290000000000006,83.1,4.7,12.2,16.9
"Collembola",56453,19,14782,797,1.15000000000001,NA,NA,NA,NA
"Nematoda",9486236,38592,37833665,1028,1.63,77.5,15.4,7.1,22.5
"Nematoda",6638854,53498,50048714,969,0.189999999999998,90,5.5,4.5,10
"Oribatida",5332269,16975,15261976,879,1.73,94.3,3,2.7,5.7
"Nematoda",14276,1,550,550,3.16,100,0,0,0
"Oribatida",4726625,42958,41401336,1011,1.73,36.7,49.6,13.7,63.3
"Acari",2919800,42109,38371866,933,2.04000000000001,48.9,38.5,12.6,51.1
"Enchytraeidae",7303,4,2738,767,5.18000000000001,NA,NA,NA,NA
"Enchytraeidae",12413453,65850,50938313,748,1.51000000000001,94.2,0.9,4.9,5.8
"Oribatida",583564,1392,946433,629,5.87,98.4,0.7,0.9,1.6
"Oribatida",988434,4305,2853350,631,6.01000000000001,88,5.7,6.3,12
"Enchytraeidae",6970138,49342,34690130,674,2.04000000000001,98,0.4,1.6,2
"Collembola",5534794,76319,63001481,816,0.469999999999999,81,3.4,15.6,19
"Enchytraeidae",6477304,27989,18680809,628,2.40000000000001,99.1,0.2,0.7,0.9
"Enchytraeidae",6752415,15947,12113188,686,1.67,99.8,0.1,0.1,0.2
"Enchytraeidae",6668403,68343,49348697,700,1.84,98.1,0.2,1.7,1.9
"Acari",6435716,41125,76381167,2502,0.939999999999998,15.6,77.7,6.7,84.4
"Acari",6623920,16009,12007367,647,0.400000000000006,97.9,1.1,1,2.1
"Oribatida",8483066,39498,87516486,3200,1.09,8.9,86.8,4.3,91.1
"Acari",10061158,18376,82696430,8884,0.790000000000006,6.7,91.3,2,93.3
"Enchytraeidae",18485,16,10311,594,2.23999999999999,NA,NA,NA,NA
"Nematoda",3881100,30672,23632261,728,0.170000000000002,91.9,4.5,3.6,8.1
"Oribatida",3525730,36428,27844578,750,0.75,59,26.5,14.5,41
"Oribatida",3418408,17824,13049722,694,1.08,84.5,8.1,7.4,15.5
"Acari",3402689,2248,1929245,832,0.549999999999997,99.9,0.1,0,0.1
"Nematoda",6976829,54140,50895244,978,0.170000000000002,90.1,5.6,4.3,9.9
"Enchytraeidae",52433,45,30666,673,49.83,NA,NA,NA,NA
"Acari",4224473,4319,3640939,785,0.959999999999994,99.8,0.1,0.1,0.2
"Acari",4878020,2677,2315468,852,0.409999999999997,99.9,0.1,0,0.1
"Enchytraeidae",5470647,32469,22370628,652,2.15000000000001,98.4,0.2,1.4,1.6
"Nematoda",5243885,25885,20195828,763,0.239999999999995,90.8,5.5,3.7,9.2
"Enchytraeidae",91735,43,32246,675,52.58,NA,NA,NA,NA
"Oribatida",1807809,4347,4208522,954,1.34,99.9,0,0.1,0.1
"Lumbricina",76508,127,102405,787,7.31999999999999,100,0,0,0
"Oribatida",1856915,14371,10238510,677,0.549999999999997,84.8,7.9,7.3,15.2
"Lumbricina",56564,62,44701,646,32.35,NA,NA,NA,NA
"Lumbricina",262934,640,574142,871,17.17,99.9,0,0.1,0.1
"Lumbricina",8933,6,4155,557,6.62,NA,NA,NA,NA
"Lumbricina",36985,71,52778,690,4.61,NA,NA,NA,NA
"Lumbricina",6226,3,1820,581,16.87,NA,NA,NA,NA
"Nematoda",2386192,77,51727,642,89.07,100,0,0,0
"Lumbricina",9987,7,5352,591,5.88,NA,NA,NA,NA
"Lumbricina",13501262,65827,50710617,727,7.01000000000001,98.6,0.2,1.2,1.4
"Lumbricina",9621012,50855,39165629,719,4.75,99.2,0.3,0.5,0.8
"Lumbricina",9754881,44560,34254144,714,7.16,98.6,0.1,1.3,1.4
"Nematoda",4947441,16671,12527305,696,0.879999999999995,97.8,1,1.2,2.2
"Nematoda",3008459,36680,32995671,922,0.209999999999994,82.7,11.1,6.2,17.3
"Nematoda",102870339,28463,67884566,4881,0.430000000000007,35.5,60.5,4,64.5
"Nematoda",88965886,16834,79174255,10631,56.33,NA,NA,NA,NA
"Oribatida",81526797,64935,129762499,3107,45.41,7.5,89.4,3.1,92.5
"Oribatida",62884194,62807,176593156,5903,10.95,7.7,89,3.3,92.3
"Oribatida",78027043,94955,175696920,3205,6.34,NA,NA,NA,NA
"Oribatida",59005376,72659,186280929,4429,1.53,NA,NA,NA,NA
"Oribatida",85588876,11537,8162874,659,56.95,98.1,0.9,1,1.9
"Collembola",79994245,84952,138956929,2275,15.41,14.1,68.7,17.2,85.9
"Collembola",64382741,167742,264115406,2061,1.64,NA,NA,NA,NA
"Oribatida",83751447,39887,103529549,6000,NA,9,87.4,3.6,91
"Oribatida",67216955,32874,154256886,10257,NA,8.6,88,3.4,91.4
"Oribatida",72044770,63164,116779259,2906,NA,NA,NA,NA,NA
"Oribatida",72668143,178507,258339288,1844,NA,9.8,84.8,5.4,90.2
"Oribatida",64329083,146466,205990164,1765,NA,13.8,75.1,11.1,86.2
"Oribatida",68468420,56773,218893360,6273,NA,11.1,84.7,4.2,88.9
"Oribatida",70611965,32712,107053253,7150,NA,12.8,80.3,6.9,87.2
"Oribatida",66775609,30385,75602633,3998,NA,12,80.3,7.7,88
"Oribatida",68237931,56917,183227768,6622,NA,7.5,88.8,3.7,92.5
"Oribatida",65162509,72063,147378629,3043,NA,8.7,87.8,3.5,91.3
"Oribatida",82097197,63985,91130751,1797,NA,19.4,63,17.6,80.6
"Oribatida",69448093,67819,103010667,2043,NA,12,78.8,9.2,88
"Gamasina",68258310,137858,112262958,777,NA,88.5,2.7,8.8,11.5
"Gamasina",64335354,26367,26288953,1020,NA,94.6,0.6,4.8,5.4
"Gamasina",73166689,176005,181298462,1096,NA,43.3,23,33.7,56.7
"Gamasina",73931351,9515,6672654,654,NA,99.3,0.1,0.6,0.7
"Gamasina",71838134,297942,342693236,1290,NA,42.4,28.8,28.8,57.6
"Gamasina",66323650,296416,415256080,1690,NA,31.4,41.2,27.4,68.6
"Gamasina",89436527,18169,13600038,701,NA,99.3,0,0.7,0.7
"Gamasina",91203099,134700,136896357,1061,NA,NA,NA,NA,NA
"Gamasina",72434891,1463,1089134,703,NA,100,0,0,0
"Gamasina",76305828,43147,168077062,6675,NA,11.7,78.1,10.2,88.3
"Gamasina",67155728,56017,408644983,13560,NA,11.5,82.8,5.7,88.5
"Gamasina",98337822,41174,385494034,20160,NA,9.8,85.9,4.3,90.2
"Gamasina",74369553,324438,407094028,1435,NA,NA,NA,NA,NA
"Chilopoda",74741731,25216,146550795,13894,NA,7,86.5,6.5,93
"Chilopoda",70340720,49858,160339314,6301,NA,9.3,80.7,10,90.7
"Chilopoda",68451122,42448,158517403,7438,NA,9.7,80.2,10.1,90.3
"Chilopoda",67098073,29090,144361465,11682,NA,9.2,86.1,4.7,90.8
"Chilopoda",79743592,74742,154459841,3303,NA,9.9,72.6,17.5,90.1
"Chilopoda",69068725,95808,179742881,2848,NA,15.4,60,24.6,84.6
"Chilopoda",69678444,50632,131341085,4711,NA,NA,NA,NA,NA
"Lumbricidae",71892068,229462,618893238,4074,NA,30.1,32.3,37.6,69.9
"Isopoda",76586464,399279,385942932,1015,NA,96.9,0.9,2.2,3.1
"Diplopoda",68670976,295252,441684841,1880,NA,27.7,37.2,35.1,72.3
"Collembola",66840241,121386,207008106,2325,NA,14,69,17,86
"Collembola",72421176,147110,271479524,2648,NA,15.6,64.6,19.8,84.4
"Collembola",99169309,186268,402532989,3776,NA,19.2,53.1,27.7,80.8
"Collembola",89586484,59177,324835233,13615,NA,5.6,90.1,4.3,94.4
"Collembola",75215381,41872,277624453,19794,NA,5.2,90,4.8,94.8
"Collembola",76757050,151006,163887821,1194,NA,46.8,16.5,36.7,53.2
"Collembola",69170920,90461,152644611,2355,NA,16.9,57.7,25.4,83.1
"Collembola",68877239,69388,179141586,4951,NA,10.3,80.7,9,89.7
"Collembola",75165489,115786,161897747,1761,NA,20.8,44.8,34.4,79.2
"Collembola",84218653,44612,101969318,4198,NA,11.8,73.7,14.5,88.2
"Collembola",64461074,107794,356791065,6947,NA,8.1,83.4,8.5,91.9
"Collembola",84984790,57311,127484034,3519,NA,9.8,77.4,12.8,90.2
"Pauropoda",81462355,153055,170244473,1229,NA,21.9,38.6,39.5,78.1
"Collembola",76240593,130880,345878259,5018,NA,NA,NA,NA,NA
"Symphyla",101000764,163551,334373857,2727,NA,23.3,43.4,33.3,76.7
"Collembola",66485060,224314,364521251,2222,NA,23.1,47.5,29.4,76.9
"Collembola",76628051,96872,180273372,2699,NA,12,73.9,14.1,88
"Symphyla",65710609,230343,491939805,2778,NA,17.2,54.6,28.2,82.8
"Diplura",85261961,408955,787189786,2501,NA,67.2,9,23.8,32.8
"Collembola",93146949,121849,330179780,5580,NA,11.5,71.4,17.1,88.5
"Collembola",66671133,105649,191534045,2584,NA,15.3,63.8,20.9,84.7
"Nematoda",147036305,29848,78431942,4391,NA,36,60.6,3.4,64
"Nematoda",71006437,103117,94028291,926,NA,80.4,14.4,5.2,19.6
"Nematoda",73304472,22434,125572634,17870,NA,34.9,63.4,1.7,65.1
"Nematoda",68045190,215656,276869984,1543,NA,71.6,22.2,6.2,28.4
"Nematoda",91396356,221490,179790397,797,NA,NA,NA,NA,NA
"Nematoda",67517376,94694,167373117,2635,NA,55.2,39.7,5.1,44.8
"Nematoda",75189456,47539,33723996,676,NA,97.8,1.3,0.9,2.2
"Nematoda",75403409,154455,125651637,801,NA,85.5,10,4.5,14.5
"Nematoda",63738504,293019,450171544,1996,NA,63.9,30.9,5.2,36.1
"Nematoda",67471773,81834,193327927,3835,NA,37.8,56,6.2,62.2
"Nematoda",64768096,66105,129561572,3209,NA,46.9,47.4,5.7,53.1
"Nematoda",74521983,182798,159190099,881,NA,88,8.8,3.2,12
"Oribatida",66451404,59784,243017619,7223,NA,9.3,87.2,3.5,90.7
"Oribatida",69857412,68324,77953954,1277,NA,32.5,40.4,27.1,67.5
"Isopoda",73543099,234552,264129718,1253,NA,48.8,16.7,34.5,51.2
"Diplopoda",92983931,72612,364817766,9466,NA,10.1,81,8.9,89.9
"Diplopoda",69720441,191883,281437799,1897,NA,26.1,41.4,32.5,73.9
"Diplopoda",80025042,242642,347551316,1731,NA,NA,NA,NA,NA
"Diplopoda",68175552,61872,347932751,13372,NA,12,79.9,8.1,88
"Diplopoda",75888968,65187,350109252,12721,NA,12.9,77.9,9.2,87.1
"Chilopoda",65897647,27882,142967170,13504,NA,3.9,92.1,4,96.1
"Collembola",69466089,27915,148934766,14673,NA,6.7,90.2,3.1,93.3
"Collembola",73642038,12452,148880474,33762,NA,5.1,92.6,2.3,94.9
"Collembola",67729444,43449,112386321,4593,NA,NA,NA,NA,NA
"Collembola",82693560,61151,305379873,14780,NA,NA,NA,NA,NA
"Collembola",75173715,81301,328229926,9674,NA,7,87.9,5.1,93
"Collembola",69911841,109182,230134105,3425,NA,10.1,81.5,8.4,89.9
"Collembola",72930301,21196,200799618,24629,NA,2.9,94.7,2.4,97.1
"Collembola",79715446,10738,150582592,74181,NA,8.8,89.5,1.7,91.2
"Collembola",69330671,144986,236597628,2261,NA,13.2,69.5,17.3,86.8
"Collembola",65157490,47909,146302907,6109,NA,7.7,85.7,6.6,92.3
"Collembola",66891682,14657,178163809,35380,NA,5.4,92,2.6,94.6
"Collembola",69442332,57924,331944770,13876,NA,4.5,92.2,3.3,95.5
"Nematoda",70795854,9985,7402068,711,0.260000000000005,NA,NA,NA,NA
"Nematoda",95015433,2473,2400426,1025,0.299999999999997,NA,NA,NA,NA
"Nematoda",75204295,18472,16819918,891,1.98,NA,NA,NA,NA
"Nematoda",86769852,29853,143829971,7894,0.969999999999999,NA,NA,NA,NA
"Acari",2349974,3363,3030816,861,1.06,99.8,0.1,0.1,0.2
"Enchytraeidae",2542017,2108,2300551,1218,4.43000000000001,100,0,0,0
"Lumbricina",2224255,4012,3755454,959,8.15000000000001,99.9,0,0.1,0.1
"Lumbricina",1897489,2892,2911738,1085,8.55,99.9,0,0.1,0.1
"Lumbricina",2220889,3544,3412669,998,4.53,99.8,0,0.2,0.2
"Lumbricina",2670946,5039,4845016,994,8.43000000000001,99.8,0.1,0.1,0.2
"Lumbricina",2570035,4012,3724640,934,10.17,99.9,0,0.1,0.1
"Lumbricina",2828422,4771,4606227,997,5.98,99.9,0,0.1,0.1
"Lumbricina",2531496,4644,4259287,922,7.59999999999999,99.8,0.1,0.1,0.2
"Lumbricina",2658645,4733,4418210,942,7.59999999999999,99.8,0,0.2,0.2
"Lumbricina",1704336,2801,2670853,999,6.05,99.9,0,0.1,0.1
"Collembola",4446537,18969,13469780,680,4.58,99.8,0.1,0.1,0.2
"Collembola",2264220,12943,9139416,674,2.62,99.9,0,0.1,0.1
"Collembola",4323966,20373,14519906,683,5.93000000000001,99.7,0,0.3,0.3
"Oribatida",1316793,6542,4812835,698,38.98,99.9,0.1,0,0.1
"Oribatida",2828416,9128,7432018,751,2.16,99.5,0.3,0.2,0.5
"Oribatida",340318,339,297728,886,3.69,100,0,0,0
"Oribatida",4738725,6130,4859262,741,4.94,99.5,0.2,0.3,0.5
"Collembola",2164960,11933,8414342,670,0.280000000000001,99,0.1,0.9,1
"Collembola",2118627,23527,18829040,762,0.219999999999999,98.4,0.6,1,1.6
"Collembola",1130872,3449,2314749,632,4.2,99.8,0,0.2,0.2
"Collembola",3978833,19732,13631388,660,1.93000000000001,99.4,0.1,0.5,0.6
"Collembola",4061995,22023,16542605,720,3.33,99.1,0.3,0.6,0.9
"Collembola",1982642,2162,1758634,796,1.84,99.9,0,0.1,0.1
"Enchytraeidae",1247097,1549,1129877,698,3.76000000000001,NA,NA,NA,NA
"Enchytraeidae",2194333,2437,2153839,878,2.23,100,0,0,0
"Enchytraeidae",1367572,1560,1419500,919,3.12,100,0,0,0
"Enchytraeidae",1843570,2175,2093396,1000,2.90000000000001,99.9,0.1,0,0.1
"Enchytraeidae",2259261,3362,3750674,1239,2.03,100,0,0,0
"Enchytraeidae",1777480,3534,2913257,812,7.12,100,0,0,0
"Enchytraeidae",1499277,2068,1630871,736,8.23,99.9,0,0.1,0.1
"Acari",2023315,30,24647,844,11.13,NA,NA,NA,NA
"Acari",1408075,449,298800,623,20.91,100,0,0,0
"Acari",3817158,2978,2159117,686,32.33,99.8,0.1,0.1,0.2
"Isopoda",65058024,314164,261362421,828,2.87,99.2,0.3,0.5,0.8
"Isopoda",69897615,90063,209945911,4122,0.390000000000001,8.3,82.3,9.4,91.7
"Isopoda",67228580,235561,196456909,836,3.33,98.9,0.6,0.5,1.1
"Chilopoda",71473078,69836,161054304,4110,0.290000000000006,11,70.6,18.4,89
"Chilopoda",69131890,87224,198389748,4136,0.219999999999999,6.8,87.3,5.9,93.2
"Isopoda",70336283,159982,127647931,763,2.06999999999999,99.6,0.3,0.1,0.4
"Isopoda",76588119,357982,433158172,1377,4.73,79.8,8.4,11.8,20.2
"Isopoda",67710768,221219,197474040,910,1.88,85.3,3.2,11.5,14.7
"Isopoda",67785948,176237,144928411,814,1.92,99.4,0.2,0.4,0.6
"Diplopoda",NA,37784,159414358,11551,0.469999999999999,10.4,84,5.6,89.6
"Chilopoda",75963245,452229,398249148,881,0.230000000000004,96.6,1.2,2.2,3.4
"Diplopoda",68113623,55970,269541015,10421,1.45,9.5,82.9,7.6,90.5
"Diplopoda",80643869,79357,374359733,8852,0.430000000000007,9.8,79.3,10.9,90.2
"Diplopoda",71957287,49154,229291123,11556,0.370000000000005,20.4,68.7,10.9,79.6
"Diplopoda",72471845,22675,176913806,30151,1.5,5.3,92.2,2.5,94.7
"Chilopoda",70799926,45262,321085688,15344,1.26000000000001,7.6,86.5,5.9,92.4
"Diplopoda",70189176,64742,279298455,9794,0.650000000000006,10.5,82,7.5,89.5
"Diplopoda",71263304,62110,270160041,7491,0.969999999999999,21.4,64.6,14,78.6
"Chilopoda",69265143,20866,131602344,28783,0.170000000000002,6.2,91.1,2.7,93.8
"Chilopoda",71612565,26184,125913032,11095,0.519999999999996,7.2,87,5.8,92.8
"Chilopoda",66803600,29123,148671165,13030,0.310000000000002,9.2,87.1,3.7,90.8
"Collembola",70204107,49437,155314832,6990,0.0499999999999972,6.3,89.7,4,93.7
"Collembola",68755378,124309,233472586,2865,0.319999999999993,8.3,78.7,13,91.7
"Collembola",69814229,98388,203139002,3284,0.0499999999999972,11.5,72.5,16,88.5
"Collembola",69733265,74419,241752782,7606,0.0400000000000063,7.7,84.6,7.7,92.3
"Collembola",70044097,89772,262139786,6416,0.0600000000000023,9.9,78.8,11.3,90.1
"Collembola",70884502,53265,320331694,17617,0.349999999999994,5.9,90.8,3.3,94.1
"Collembola",68809593,83133,367919098,10837,0.310000000000002,6.6,86,7.4,93.4
"Collembola",71434794,182838,489053436,4823,0.959999999999994,8.8,81.2,10,91.2
"Collembola",91357716,134627,279862278,3019,0.0100000000000051,20,57.9,22.1,80
"Collembola",64867681,77030,205104177,5165,0.180000000000007,8.4,82.5,9.1,91.6
"Collembola",69766968,47967,132707328,5289,0.299999999999997,9.2,85.9,4.9,90.8
"Collembola",71175812,46519,150489572,7650,0.170000000000002,9.2,80.1,10.7,90.8
"Collembola",68802573,90447,165769473,2814,1.47,11.8,74.7,13.5,88.2
"Collembola",73705202,81583,164633723,3346,1.06999999999999,9.4,80.9,9.7,90.6
"Collembola",50204099,50090,302314595,15023,30.23,7,86.5,6.5,93
"Collembola",65396084,23648,213903219,31668,0.980000000000004,5.3,92.8,1.9,94.7
"Collembola",68353554,183287,334623379,2575,0.670000000000002,14.7,61.7,23.6,85.3
"Collembola",63658646,135066,310704205,4093,0.0699999999999932,19.3,59,21.7,80.7
"Collembola",75309245,107697,199953470,2811,0.170000000000002,13.8,65.4,20.8,86.2
"Collembola",73867538,94831,215996494,4070,0.120000000000005,14.4,72.8,12.8,85.6
"Collembola",69868648,43032,277320466,20249,0.5,6.5,91,2.5,93.5
"Collembola",70271964,124986,330647988,5430,0.0699999999999932,10,75.1,14.9,90
"Collembola",67201049,75260,311296792,10199,0.0499999999999972,7.6,83.3,9.1,92.4
"Collembola",69677841,135028,267121495,3120,0.0799999999999983,14,64.8,21.2,86
"Collembola",67596840,214288,506134237,3846,0.689999999999998,9.9,80.3,9.8,90.1
"Collembola",67280168,162755,255310856,2076,0.129999999999995,14.6,63.4,22,85.4
"Collembola",65032403,111421,322401694,5835,0.0600000000000023,7.7,83.4,8.9,92.3
"Collembola",81868844,57622,335741602,14199,0.140000000000001,6.1,88.6,5.3,93.9
"Diplura",65488935,231684,573924897,3600,5.7,30.9,27.9,41.2,69.1
"Diplura",65133149,250076,602100884,3408,0.0499999999999972,34.8,25.1,40.1,65.2
"Collembola",71863426,176417,260476162,1927,0.120000000000005,29.4,36.9,33.7,70.6
"Collembola",72203778,186330,392061562,3395,0.159999999999997,12.5,72.4,15.1,87.5
"Collembola",70542729,174513,392824805,3782,0.0999999999999943,12.7,73.6,13.7,87.3
"Collembola",69512252,191485,346765916,2643,0.0900000000000034,23.1,46.7,30.2,76.9
"Collembola",69190863,89519,275245309,6558,0.0600000000000023,7.2,83.8,9,92.8
"Collembola",64133985,128363,301025675,4160,0.109999999999999,8.1,80.4,11.5,91.9
"Collembola",73822863,101706,411396600,10359,0.0600000000000023,5.4,93.3,1.3,94.6
"Collembola",69928881,71490,177476601,4727,0.0400000000000063,12.2,74.4,13.4,87.8
"Collembola",72828057,77940,216033958,5253,0.0499999999999972,13.7,75,11.3,86.3
"Collembola",70179560,165933,314863068,2860,0.0999999999999943,16.6,62,21.4,83.4
"Chilopoda",71363398,511088,683924589,1568,0.390000000000001,56.1,13,30.9,43.9
"Chilopoda",66534546,525464,626140670,1333,0.859999999999999,61.6,11.8,26.6,38.4
"Chilopoda",65051096,552208,557635395,1065,0.25,87.5,3.7,8.8,12.5
"Chilopoda",64430075,567561,720870342,1450,0.200000000000003,78.7,8.7,12.6,21.3
"Chilopoda",68742317,429524,486415499,1241,0.510000000000005,83.7,3.9,12.4,16.3
"Chilopoda",69676085,406080,582835778,1706,0.370000000000005,55.8,13.4,30.8,44.2
"Chilopoda",68222768,44530,158457551,8434,1.13,9.4,83.3,7.3,90.6
"Chilopoda",72660963,41003,155172134,8146,0.280000000000001,6.5,89.4,4.1,93.5
"Diplopoda",72342618,30200,246684850,18693,0.549999999999997,10.1,81.9,8,89.9
"Diplopoda",70155685,165599,329516679,2530,0.260000000000005,33.7,26.7,39.6,66.3
"Diplopoda",77653908,27062,234652535,18555,0.25,11.1,83.1,5.8,88.9
"Diplopoda",71956176,64911,230247290,7764,0.390000000000001,14.7,71.6,13.7,85.3
"Diplopoda",73714752,48387,275481723,12251,0.540000000000006,9.2,86.6,4.2,90.8
"Diplopoda",71926173,97824,378404268,6128,0.530000000000001,13.7,61.9,24.4,86.3
"Diplopoda",66717421,69956,220808849,4920,1.95999999999999,11.6,76.9,11.5,88.4
"Collembola",NA,77250,233739476,7246,0.290000000000006,9.4,80.5,10.1,90.6
"Collembola",NA,77101,229937048,6501,0.290000000000006,9.9,79.9,10.2,90.1
"Collembola",NA,111412,162493100,2163,0.489999999999995,26.5,45.3,28.2,73.5
"Nematoda",NA,80037,159181096,3819,0.140000000000001,39.2,52,8.8,60.8
"Oribatida",NA,67240,230763256,8047,1.12,9.1,87.6,3.3,90.9
"Collembola",64868551,1969,88077484,162062,NA,17.2,72.2,10.6,82.8
"Collembola",64040429,100445,229643284,4236,NA,24.8,55.7,19.5,75.2
"Collembola",65371950,146475,266644693,2648,NA,22.7,44,33.3,77.3
"Oribatida",64485169,48479,39865843,794,NA,87.5,6.1,6.4,12.5
"Oribatida",65483178,102269,139514524,1683,NA,10,85.5,4.5,90
"Acari",49057666,86668,129308837,1895,NA,47.3,42.8,9.9,52.7
"Oribatida",68562796,53128,128305438,4095,NA,24.5,68.5,7,75.5
"Oribatida",67154145,57662,138242702,3888,NA,24.2,67.6,8.2,75.8
"Oribatida",87416670,67797,179604645,5472,NA,NA,NA,NA,NA
"Acari",65192812,71365,160070366,3207,NA,9.2,87.2,3.6,90.8
"Oribatida",61904502,48208,119788919,4679,NA,8.1,89.1,2.8,91.9
"Oribatida",61378381,48186,128345364,4909,NA,22.8,70.9,6.3,77.2
"Enchytraeidae",70923046,90092,438331010,10027,NA,22.2,56,21.8,77.8
"Enchytraeidae",62594291,71728,305460197,8895,NA,23.4,51.7,24.9,76.6
"Enchytraeidae",63829022,318824,559676837,2239,NA,51.3,13.3,35.4,48.7
"Enchytraeidae",71423373,527902,749469005,1708,NA,70.3,4.3,25.4,29.7
"Enchytraeidae",73524984,263428,625151618,3410,NA,38.5,23.9,37.6,61.5
"Enchytraeidae",60736374,163985,527705550,4629,NA,41.3,21.4,37.3,58.7
"Collembola",69319593,43674,280652606,23496,NA,13.9,74.3,11.8,86.1
"Collembola",63755891,227484,369815737,2230,NA,32.3,33.7,34,67.7
"Oribatida",9692709,50336,48994344,1005,1.91,62.9,25.4,11.7,37.1
"Oribatida",10923455,50071,47695575,976,2.61,63.6,24,12.4,36.4
"Nematoda",9465495,54549,49376150,932,5.06,88.6,5.9,5.5,11.4
"Nematoda",10986763,75076,103971068,1626,0.859999999999999,67.2,22.6,10.2,32.8
"Nematoda",8224033,71810,81276536,1239,0.939999999999998,78.9,13.2,7.9,21.1
"Nematoda",9113817,83014,102703006,1387,0.0600000000000023,70.4,19.7,9.9,29.6
"Collembola",8000787,58186,117331710,2748,0.340000000000003,17.2,65.8,17,82.8
"Oribatida",7598491,19426,17087895,841,1.89,87.6,6.8,5.6,12.4
"Nematoda",8308361,69279,109935003,1986,0.359999999999999,79.2,18,2.8,20.8
"Nematoda",8070669,58978,58241676,1043,2.66,87.5,6.6,5.9,12.5
"Nematoda",8686856,66404,63595833,1007,1.84999999999999,86.2,7.6,6.2,13.8
"Nematoda",12143108,78182,106408470,1588,0.25,68.5,22.1,9.4,31.5
"Collembola",9851738,6769,4200560,584,5.3,98.9,0.1,1,1.1
"Collembola",13472687,55023,125546130,3381,0.340000000000003,14.9,67.7,17.4,85.1
"Oribatida",15014672,85773,91292971,1148,1.62,50.1,36.7,13.2,49.9
"Oribatida",14260326,74001,73459831,1039,1.87,60.2,26.6,13.2,39.8
"Collembola",NA,75300,198871241,4407,0.5,15.2,67.5,17.3,84.8
"Collembola",NA,74833,217712265,5775,9.04000000000001,11,78,11,89
"Collembola",NA,51792,202770814,6505,0.5,7.2,85.3,7.5,92.8
"Oribatida",NA,20690,90126144,7748,NA,7.2,90.1,2.7,92.8
"Oribatida",NA,23284,98594451,9695,1.40000000000001,9.7,88.9,1.4,90.3
"Oribatida",NA,44640,127124770,4823,3.20999999999999,7.2,91,1.8,92.8
"Acari",NA,86063,96419321,1250,2.14,67.1,20.4,12.5,32.9
"Nematoda",NA,35217,160337222,8780,0.340000000000003,15.2,79.6,5.2,84.8
"Nematoda",NA,31209,164152979,11760,0.400000000000006,12.1,84,3.9,87.9
"Nematoda",NA,62058,192263375,4909,0.170000000000002,24.1,72.1,3.8,75.9
"Oribatida",NA,36629,100618427,4123,5.04000000000001,5.8,92.4,1.8,94.2
"Oribatida",NA,52287,56471865,1182,17.08,36.3,50,13.7,63.7
"Oribatida",NA,27734,110055134,8576,2.39,5.6,93,1.4,94.4
"Acari",NA,4772,3400999,682,40.4,99.8,0.1,0.1,0.2
"Oribatida",NA,58128,77644832,1576,7.59,21.3,70.1,8.6,78.7
"Oribatida",NA,47853,126220950,4321,8.62,6.1,91.8,2.1,93.9
"Oribatida",NA,73414,113810809,1913,4.09999999999999,15.8,78.1,6.1,84.2
"Oribatida",NA,1897,1286024,635,16.75,100,0,0,0
"Oribatida",NA,15871,85109683,13618,NA,7.8,90.8,1.4,92.2
"Oribatida",NA,80501,182477276,3314,1.45999999999999,11.2,82.1,6.7,88.8
"Acari",NA,78074,156105908,2753,NA,9.4,85.9,4.7,90.6
"Oribatida",NA,45189,122524533,4600,NA,8.3,88.8,2.9,91.7
"Oribatida",NA,56159,120134531,3436,6.43000000000001,9.4,86.8,3.8,90.6
"Oribatida",NA,46886,105149395,4045,2.2,7.8,88.9,3.3,92.2
"Oribatida",NA,10453,73591724,19133,5.92,8.3,90.6,1.1,91.7
"Oribatida",NA,23662,81867180,5828,18.94,7.1,91.4,1.5,92.9
"Oribatida",NA,52883,54120335,1104,3.59999999999999,39.8,44.5,15.7,60.2
"Oribatida",NA,13773,86254419,18229,2.43000000000001,7.6,91.5,0.9,92.4
"Myriapoda",NA,45812,42821307,932,8.73,84.2,3.5,12.3,15.8
"Myriapoda",NA,135070,155570626,1283,0.739999999999995,29.8,31.6,38.6,70.2
"Myriapoda",NA,62842,193592670,5835,0.430000000000007,9.2,76.9,13.9,90.8
"Myriapoda",NA,22234,17398169,686,0.680000000000007,92.4,1.2,6.4,7.6
"Myriapoda",NA,5486,6051014,1195,0.640000000000001,99.4,0.2,0.4,0.6
"Myriapoda",NA,124633,120772880,990,0.930000000000007,77.2,5.7,17.1,22.8
"Myriapoda",NA,200900,181198280,927,2.87,59.8,9.1,31.1,40.2
"Myriapoda",NA,117526,176188876,1896,0.430000000000007,48.4,18.3,33.3,51.6
"Myriapoda",NA,166149,191768128,1280,0.939999999999998,50,19.6,30.4,50
"Myriapoda",NA,227034,254548461,1219,1.48,58.6,9.5,31.9,41.4
"Myriapoda",NA,95222,137468815,1713,0.849999999999994,28.4,35.7,35.9,71.6
"Myriapoda",NA,14713,11163455,712,0.319999999999993,99.9,0.1,0,0.1
"Myriapoda",NA,50661,53594824,1159,1.67,97.3,0.6,2.1,2.7
"Myriapoda",NA,46309,145312663,5307,0.930000000000007,10.2,80.4,9.4,89.8
"Myriapoda",NA,4,3063,657,29.98,NA,NA,NA,NA
"Myriapoda",NA,30504,24240184,714,1.20999999999999,95.7,0.6,3.7,4.3
"Collembola",NA,56560,184963726,6743,15.53,10.1,78.3,11.6,89.9
"Collembola",NA,36243,211418206,18662,0.459999999999994,5.9,90.9,3.2,94.1
"Collembola",NA,35974,137611220,8266,6.7,5,91.8,3.2,95
"Collembola",NA,66104,109364214,2091,10.95,18.9,59.3,21.8,81.1
"Collembola",NA,90265,126119791,1695,3.04000000000001,28.9,38.5,32.6,71.1
"Collembola",NA,301,204830,630,17.05,NA,NA,NA,NA
"Collembola",NA,107411,182710377,2356,1.08,17.2,60.8,22,82.8
"Collembola",NA,19548,116726678,16170,0.510000000000005,5.8,92.1,2.1,94.2
"Collembola",NA,92269,93173859,1068,0.280000000000001,58.5,10.8,30.7,41.5
"Collembola",NA,84522,225014258,4323,21.87,10.9,76.1,13,89.1
"Collembola",NA,142174,246139756,2377,36.62,17.4,59.4,23.2,82.6
"Collembola",NA,215388,231200925,1166,0.489999999999995,37.7,21.1,41.2,62.3
"Collembola",NA,153034,159168272,1081,2.19,83.2,3.7,13.1,16.8
"Collembola",NA,61373,211630476,7117,0.280000000000001,6.3,88.6,5.1,93.7
"Collembola",NA,95944,202725402,3692,0.290000000000006,15.6,64.9,19.5,84.4
"Oribatida",NA,68070,102286621,1868,5.05,11,84.4,4.6,89
"Oribatida",NA,44628,44323014,1048,5.06999999999999,54.1,33.3,12.6,45.9
"Oribatida",NA,23221,23012379,1021,16.35,85.9,8,6.1,14.1
"Oribatida",NA,37549,121464769,5431,5.48,6.7,91.6,1.7,93.3
"Enchytraeidae",NA,203341,146145560,694,3.11,97.5,0.2,2.3,2.5
"Enchytraeidae",NA,106794,105143682,1027,2.52,95.5,0.6,3.9,4.5
"Enchytraeidae",NA,255357,221774921,876,1.40000000000001,95.2,1.1,3.7,4.8
"Enchytraeidae",NA,261141,303976523,1298,1.47,94.1,0.8,5.1,5.9
"Enchytraeidae",NA,163977,136905756,842,3.70999999999999,93.6,0.7,5.7,6.4
"Enchytraeidae",NA,155,123847,840,1.16,NA,NA,NA,NA
"Enchytraeidae",NA,112058,88349192,771,3.75,98.5,0.3,1.2,1.5
"Enchytraeidae",NA,282728,355848184,1424,4.02,68.2,6.2,25.6,31.8
"Enchytraeidae",NA,151890,117400203,755,3.63,97.8,0.3,1.9,2.2
"Enchytraeidae",NA,217185,243326035,1221,4.40000000000001,89.9,1.7,8.4,10.1
"Enchytraeidae",NA,176829,140352900,786,3.34,92.9,0.8,6.3,7.1
"Enchytraeidae",NA,1,622,622,4.43000000000001,NA,NA,NA,NA
"Oribatida",NA,49758,92434430,2550,10,7.3,89.7,3,92.7
"Acari",NA,901,662118,686,39.8,100,0,0,0
"Oribatida",NA,30866,128642992,8019,16.63,6.6,92.1,1.3,93.4
"Oribatida",NA,62755,165258384,4763,4.73999999999999,6.7,91.2,2.1,93.3
"Oribatida",NA,55821,126174002,4501,3.87,7.3,89.5,3.2,92.7
"Oribatida",NA,27152,23278273,854,28.87,51.6,36.6,11.8,48.4
"Oribatida",NA,54867,131031899,3970,13.17,9.7,86.2,4.1,90.3
"Oribatida",NA,57222,104571370,2803,2.64,9,87.5,3.5,91
"Oribatida",NA,14205,78017758,15393,10.87,8.4,90.3,1.3,91.6
"Oribatida",NA,25818,21893836,824,7.84,66.5,21.6,11.9,33.5
"Oribatida",NA,357,262414,684,43.16,100,0,0,0
"Myriapoda",NA,236754,225161132,956,0.930000000000007,87.7,4.2,8.1,12.3
"Collembola",NA,89135,207418685,4354,0.590000000000003,11.1,71.1,17.8,88.9
"Collembola",NA,74315,155004536,3360,1.79000000000001,8.6,81.4,10,91.4
"Collembola",NA,1604,1222518,710,40.67,NA,NA,NA,NA
"Collembola",NA,124024,180669585,1860,1.09,20.8,47.1,32.1,79.2
"Oribatida",NA,65420,69256325,1137,6.92,32.2,56,11.8,67.8
"Oribatida",NA,56879,92657962,2087,5.54000000000001,10.7,84.5,4.8,89.3
"Collembola",NA,568,384606,636,49.86,100,0,0,0
"Collembola",NA,223680,363340845,2216,0.640000000000001,13.8,63.6,22.6,86.2
"Collembola",NA,48504,300342530,15657,1.61,5.9,90.9,3.2,94.1
"Collembola",NA,130710,351161845,7950,1.01000000000001,8.1,85.5,6.4,91.9
"Collembola",NA,119,80505,616,71.77,100,0,0,0
"Tardigrada",87342988,197710,268004252,1663,0.450000000000003,NA,NA,NA,NA
"Tardigrada",78819085,205427,242656155,1361,0.629999999999995,NA,NA,NA,NA
"Tardigrada",85632034,135572,344537663,5411,0.299999999999997,NA,NA,NA,NA
"Tardigrada",78326641,176448,306617766,2436,2.3,NA,NA,NA,NA
"Tardigrada",81780470,126815,328674564,5100,0.239999999999995,NA,NA,NA,NA
"Collembola",88378376,45596,224082623,12710,0.310000000000002,3.5,94.2,2.3,96.5
"Nematoda",76904200,66468,132026485,3184,0.019999999999996,40.2,53.5,6.3,59.8
"Nematoda",75348976,43929,161576369,9917,0.0400000000000063,17.3,79.9,2.8,82.7
"Collembola",96225899,72726,157463041,3540,0.170000000000002,11,77.9,11.1,89
"Collembola",80046414,70497,154536044,3645,0.150000000000006,9.1,78.4,12.5,90.9
"Collembola",83950245,64234,214447873,8459,0.329999999999998,11.6,74.4,14,88.4
"Collembola",80168442,76456,217941372,5979,0.200000000000003,13.2,72.6,14.2,86.8
"Oribatida",88448549,52459,94480331,2443,23.25,14.9,76.6,8.5,85.1
